ID,NUMERO VICTIMAS,FECHA,DIA DE LA SEMANA,HORA,FRANJA HORARIA,TIPO DE CALLE,DIRECCION,TIPO DE ZONA,COMUNA,PARTICIPANTES,VICTIMA,ACUSADO,AÑO,MES,DÍA
2016-0001,1,2016-01-01,Friday,04:00:00,4,AVENIDA,"PIEDRA BUENA AV. y FERNANDEZ DE LA CRUZ, F., GRAL. AV.",ESQUINA,8,MOTO-AUTO,MOTO,AUTO,2016,1,1
2016-0002,1,2016-01-02,Saturday,01:15:00,1,GRAL PAZ,"PAZ, GRAL. AV. y DE LOS CORRALES AV.",AUTOPISTA,9,AUTO-PASAJEROS,AUTO,PASAJEROS,2016,1,2
2016-0003,1,2016-01-03,Sunday,07:00:00,7,AVENIDA,ENTRE RIOS AV. 2034,CUADRA,1,MOTO-AUTO,MOTO,AUTO,2016,1,3
2016-0004,1,2016-01-10,Sunday,00:00:00,0,AVENIDA,"LARRAZABAL AV. y VILLEGAS, CONRADO, GRAL.",ESQUINA,8,MOTO-SD,MOTO,,2016,1,10
2016-0005,1,2016-01-21,Thursday,05:20:00,5,AVENIDA,"SAN JUAN AV. y SAENZ PEÃ‘A, LUIS, PRES.",ESQUINA,1,MOTO-PASAJEROS,MOTO,PASAJEROS,2016,1,21
2016-0008,1,2016-01-24,Sunday,18:30:00,18,AVENIDA,27 DE FEBRERO AV. y ESCALADA AV.,ESQUINA,8,MOTO-OBJETO FIJO,MOTO,OBJETO FIJO,2016,1,24
2016-0009,1,2016-01-24,Sunday,19:10:00,19,CALLE,"NOGOYA y GONZALEZ, JOAQUIN V.",ESQUINA,11,MOTO-AUTO,MOTO,AUTO,2016,1,24
2016-0010,1,2016-01-29,Friday,15:20:00,15,GRAL PAZ,"PAZ, GRAL. AV. y DE LOS CORRALES AV.",AUTOPISTA,9,MOTO-AUTO,MOTO,AUTO,2016,1,29
2016-0012,1,2016-02-08,Monday,01:20:00,1,AVENIDA,"BELGRANO AV. e IRIGOYEN, BERNARDO DE",ESQUINA,1,MOTO-CARGAS,MOTO,CARGAS,2016,2,8
2016-0013,1,2016-02-10,Wednesday,11:30:00,11,AVENIDA,ENTRE RIOS AV. 1366,CUADRA,1,PEATON-AUTO,PEATON,AUTO,2016,2,10
2016-0015,1,2016-02-14,Sunday,05:14:00,5,AVENIDA,"SCALABRINI ORTIZ, RAUL AV. y VERA",ESQUINA,15,PEATON-AUTO,PEATON,AUTO,2016,2,14
2016-0016,1,2016-02-14,Sunday,22:00:00,22,AVENIDA,"REGIMIENTO DE PATRICIOS AV. y QUINQUELA MARTIN, BENITO",ESQUINA,4,MOTO-AUTO,MOTO,AUTO,2016,2,14
2016-0017,1,2016-02-15,Monday,16:54:00,16,AVENIDA,"ACOSTA, MARIANO y JANER, ANA MARIA",ESQUINA,8,PEATON-MOTO,PEATON,MOTO,2016,2,15
2016-0019,1,2016-02-17,Wednesday,09:30:00,9,CALLE,"DE LA TORRE, LISANDRO y GARCIA GRANDE DE ZEQUEIRA, SEVERO",ESQUINA,9,PEATON-PASAJEROS,PEATON,PASAJEROS,2016,2,17
2016-0020,1,2016-02-17,Wednesday,16:00:00,16,CALLE,SUIPACHA 156,CUADRA,1,PEATON-AUTO,PEATON,AUTO,2016,2,17
2016-0021,1,2016-02-17,Wednesday,23:35:00,23,AVENIDA,DIRECTORIO AV. y CURAPALIGUE,ESQUINA,7,AUTO-AUTO,AUTO,AUTO,2016,2,17
2016-0022,1,2016-02-21,Sunday,06:00:00,6,AVENIDA,"9 DE JULIO AV. y ALSINA, ADOLFO",ESQUINA,1,MOTO-AUTO,MOTO,AUTO,2016,2,21
2016-0025,1,2016-02-28,Sunday,04:50:00,4,GRAL PAZ,"PAZ, GRAL. AV. y 27 DE FEBRERO AV.",AUTOPISTA,8,AUTO-AUTO,AUTO,AUTO,2016,2,28
2016-0026,1,2016-02-28,Sunday,07:30:00,7,CALLE,HOLMBERG y VEDIA,ESQUINA,12,AUTO-OBJETO FIJO,AUTO,OBJETO FIJO,2016,2,28
2016-0027,1,2016-02-28,Sunday,09:35:00,9,AVENIDA,"CURAPALIGUE AV. y DIAZ, AVELINO",ESQUINA,7,AUTO-AUTO,AUTO,AUTO,2016,2,28
2016-0028,1,2016-03-02,Wednesday,10:00:00,10,AVENIDA,VIAMONTE y 9 DE JULIO AV.,ESQUINA,1,PEATON-CARGAS,PEATON,CARGAS,2016,3,2
2016-0029,1,2016-03-04,Friday,17:30:00,17,AVENIDA,CABILDO AV. y DEHEZA,ESQUINA,12,PEATON-PASAJEROS,PEATON,PASAJEROS,2016,3,4
2016-0031,1,2016-03-08,Tuesday,12:30:00,12,GRAL PAZ,"PAZ, GRAL. AV. y ROCA, CNEL. AV.",AUTOPISTA,8,MOTO-PASAJEROS,MOTO,PASAJEROS,2016,3,8
2016-0034,1,2016-03-12,Saturday,12:30:00,12,AVENIDA,"ALCORTA, AMANCIO AV. y BONAVENA, OSCAR NATALIO",ESQUINA,4,PEATON-PASAJEROS,PEATON,PASAJEROS,2016,3,12
2016-0035,1,2016-03-13,Sunday,06:00:00,6,AVENIDA,CORRIENTES AV. y CALLAO AV.,ESQUINA,3,MOTO-PASAJEROS,MOTO,PASAJEROS,2016,3,13
2016-0036,1,2016-03-14,Monday,00:15:00,0,CALLE,"HERRERA y VALLE, ARISTOBULO DEL",ESQUINA,4,MOTO-PASAJEROS,MOTO,PASAJEROS,2016,3,14
2016-0037,1,2016-03-19,Saturday,11:00:00,11,AVENIDA,LAFUENTE AV. y QUIRNO,ESQUINA,7,MOTO-MOTO,MOTO,MOTO,2016,3,19
2016-0038,1,2016-03-21,Monday,08:06:00,8,GRAL PAZ,"PAZ, GRAL. AV. y ZUVIRIA",AUTOPISTA,8,PEATON-PASAJEROS,PEATON,PASAJEROS,2016,3,21
2016-0039,1,2016-03-23,Wednesday,01:50:00,1,AVENIDA,"MITRE, BARTOLOME y PUEYRREDON AV.",ESQUINA,3,MOTO-PASAJEROS,MOTO,PASAJEROS,2016,3,23
2016-0041,2,2016-03-29,Tuesday,11:00:00,11,AVENIDA,DIRECTORIO AV. y RIVERA INDARTE AV.,ESQUINA,7,MOTO-CARGAS,MOTO,CARGAS,2016,3,29
2016-0043,1,2016-03-30,Wednesday,18:15:00,18,AVENIDA,"DELLEPIANE, LUIS, TTE. GRAL. y MURGUIONDO",ESQUINA,8,PEATON-CARGAS,PEATON,CARGAS,2016,3,30
2016-0044,1,2016-03-31,Thursday,19:40:00,19,AVENIDA,"MORENO, JOSE MARIA AV. y BALBASTRO",ESQUINA,7,MULTIPLE,MOTO,MULTIPLE,2016,3,31
2016-0045,1,2016-04-11,Monday,10:25:00,10,GRAL PAZ,"PAZ, GRAL. AV. y DEL LIBERTADOR AV.",AUTOPISTA,13,MOTO-SD,MOTO,,2016,4,11
2016-0047,1,2016-04-15,Friday,05:30:00,5,CALLE,LIMA 1483,CUADRA,1,PEATON-PASAJEROS,PEATON,PASAJEROS,2016,4,15
2016-0048,1,2016-04-15,Friday,17:40:00,17,AVENIDA,CORRIENTES AV. y DORREGO AV.,ESQUINA,15,PEATON-PASAJEROS,PEATON,PASAJEROS,2016,4,15
2016-0049,1,2016-04-17,Sunday,00:00:00,0,AUTOPISTA,AUTOPISTA 1 SUR PRESIDENTE ARTURO FRONDIZI,AUTOPISTA,4,SD-SD,,,2016,4,17
2016-0050,1,2016-04-19,Tuesday,09:50:00,9,AVENIDA,"GORDILLO, TIMOTEO y FERNANDEZ DE LA CRUZ, F., GRAL. AV.",ESQUINA,8,PEATON-PASAJEROS,PEATON,PASAJEROS,2016,4,19
2016-0051,1,2016-04-20,Wednesday,04:00:00,4,AVENIDA,"ALCORTA, AMANCIO AV. y BONAVENA, OSCAR NATALIO",ESQUINA,4,MOTO-CARGAS,MOTO,CARGAS,2016,4,20
2016-0052,1,2016-04-20,Wednesday,20:00:00,20,AUTOPISTA,AUTOPISTA LUGONES PK 10000,AUTOPISTA,13,MOTO-SD,MOTO,,2016,4,20
2016-0053,1,2016-04-22,Friday,09:30:00,9,AVENIDA,TRIUNVIRATO AV. y OLAZABAL AV.,ESQUINA,12,PEATON-PASAJEROS,PEATON,PASAJEROS,2016,4,22
2016-0054,1,2016-04-23,Saturday,21:00:00,21,AUTOPISTA,"AUTOPISTA DELLEPIANE LUIS TTE. GRAL. y PAZ, GRAL. AV.",AUTOPISTA,8,MOTO-MOTO,MOTO,MOTO,2016,4,23
2016-0055,1,2016-04-25,Monday,20:30:00,20,AVENIDA,"CASTILLA, RAMON, MARISCAL y FIGUEROA ALCORTA, PRES. AV.",ESQUINA,14,PEATON-CARGAS,PEATON,CARGAS,2016,4,25
2016-0056,1,2016-04-26,Tuesday,04:45:00,4,AVENIDA,"CAMPOS, LUIS M. AV. 30",CUADRA,14,MOTO-OBJETO FIJO,MOTO,OBJETO FIJO,2016,4,26
2016-0058,1,2016-05-04,Wednesday,14:00:00,14,CALLE,LIMA 1471,CUADRA,1,PEATON-MOTO,PEATON,MOTO,2016,5,4
2016-0059,1,2016-05-08,Sunday,16:30:00,16,CALLE,CIUDADELA y LIMA,ESQUINA,1,PEATON-PASAJEROS,PEATON,PASAJEROS,2016,5,8
2016-0064,1,2016-05-14,Saturday,18:11:00,18,AVENIDA,"JUSTO, JUAN B. AV. y CARRASCO AV.",ESQUINA,10,PEATON-PASAJEROS,PEATON,PASAJEROS,2016,5,14
2016-0065,1,2016-05-20,Friday,14:40:00,14,AVENIDA,GAONA AV. y ESPINOSA,ESQUINA,6,PEATON-AUTO,PEATON,AUTO,2016,5,20
2016-0067,1,2016-05-21,Saturday,17:00:00,17,AVENIDA,"DE LA TORRE, LISANDRO y SARAZA",ESQUINA,8,MOTO-PASAJEROS,MOTO,PASAJEROS,2016,5,21
2016-0068,1,2016-05-22,Sunday,22:00:00,22,AVENIDA,"FIGUEROA ALCORTA, PRES. AV. y PUEYRREDON AV.",ESQUINA,2,MOTO-PASAJEROS,MOTO,PASAJEROS,2016,5,22
2016-0069,1,2016-05-23,Monday,03:30:00,3,AVENIDA,ENTRE RIOS AV. y FILIBERTO,ESQUINA,3,AUTO-CARGAS,AUTO,CARGAS,2016,5,23
2016-0073,1,2016-06-11,Saturday,15:00:00,15,CALLE,"MAGARIÃ‘OS CERVANTES, A. 3900",CUADRA,10,MOTO-CARGAS,MOTO,CARGAS,2016,6,11
2016-0074,1,2016-06-12,Sunday,06:40:00,6,GRAL PAZ,"PAZ, GRAL. AV. y SCAPINO, RODOLFO",AUTOPISTA,8,AUTO-AUTO,AUTO,AUTO,2016,6,12
2016-0075,1,2016-06-12,Sunday,23:13:00,23,AUTOPISTA,AUTOPISTA DELLEPIANE LUIS TTE. GRAL. y MIRALLA,AUTOPISTA,8,PEATON-AUTO,PEATON,AUTO,2016,6,12
2016-0076,1,2016-06-13,Monday,16:20:00,16,AVENIDA,SAN MARTIN AV. y CAMARONES,ESQUINA,15,PEATON-PASAJEROS,PEATON,PASAJEROS,2016,6,13
2016-0077,1,2016-06-13,Monday,21:52:00,21,AVENIDA,"PERON, JUAN DOMINGO, TTE. GENERAL y ALEM, LEANDRO N. AV.",ESQUINA,1,PEATON-PASAJEROS,PEATON,PASAJEROS,2016,6,13
2016-0078,1,2016-06-13,Monday,23:01:00,23,AVENIDA,BELGRANO AV. y JUJUY AV.,ESQUINA,3,MOTO-MOTO,MOTO,MOTO,2016,6,13
2016-0079,1,2016-06-16,Thursday,17:13:00,17,AVENIDA,"DEL LIBERTADOR AV. y UDAONDO, GUILLERMO AV.",ESQUINA,13,AUTO-AUTO,AUTO,AUTO,2016,6,16
2016-0080,1,2016-06-18,Saturday,06:42:00,6,GRAL PAZ,"PAZ, GRAL. AV. y RIVADAVIA AV.",AUTOPISTA,9,AUTO-SD,AUTO,,2016,6,18
2016-0081,1,2016-06-22,Wednesday,07:42:00,7,AVENIDA,"LARRALDE, CRISOLOGO AV. y MACHAIN",ESQUINA,12,MOTO-AUTO,MOTO,AUTO,2016,6,22
2016-0082,1,2016-06-27,Monday,18:24:00,18,AVENIDA,LA PLATA AV. 2384,CUADRA,4,PEATON-AUTO,PEATON,AUTO,2016,6,27
2016-0083,1,2016-06-28,Tuesday,20:46:00,20,AVENIDA,"ALBERDI, JUAN BAUTISTA AV. y PUAN",ESQUINA,6,PEATON-MOTO,PEATON,MOTO,2016,6,28
2016-0084,1,2016-06-29,Wednesday,22:00:00,22,CALLE,"PELLEGRINI, CARLOS y TUCUMAN",ESQUINA,1,PEATON-PASAJEROS,PEATON,PASAJEROS,2016,6,29
2016-0085,1,2016-06-29,Wednesday,22:00:00,22,AVENIDA,"RABANAL, FRANCISCO, INTENDENTE AV. y EREZCANO",ESQUINA,4,MOTO-MOVIL,MOTO,OTRO,2016,6,29
2016-0086,1,2016-06-30,Thursday,16:10:00,16,AVENIDA,"OLIVERA AV. y FALCON, RAMON L.,CNEL.",ESQUINA,10,PEATON-PASAJEROS,PEATON,PASAJEROS,2016,6,30
2016-0087,1,2016-07-02,Saturday,00:10:00,0,AUTOPISTA,AUTOPISTA 1 SUR PRESIDENTE ARTURO FRONDIZI y CASEROS AV.,AUTOPISTA,1,MOTO-OBJETO FIJO,MOTO,OBJETO FIJO,2016,7,2
2016-0088,1,2016-07-11,Monday,15:30:00,15,CALLE,CERETTI y NUÃ‘EZ,ESQUINA,12,PEATON-AUTO,PEATON,AUTO,2016,7,11
2016-0089,1,2016-07-14,Thursday,06:40:00,6,AUTOPISTA,"LUGONES, LEOPOLDO AV. y LA PAMPA",AUTOPISTA,13,PEATON-AUTO,PEATON,AUTO,2016,7,14
2016-0090,1,2016-07-14,Thursday,22:00:00,22,AVENIDA,"SALGUERO, JERONIMO y RIVADAVIA AV.",ESQUINA,5,PEATON-PASAJEROS,PEATON,PASAJEROS,2016,7,14
2016-0092,1,2016-07-15,Friday,11:00:00,11,GRAL PAZ,"PAZ, GRAL. AV. y DEL LIBERTADOR AV.",AUTOPISTA,13,MOTO-CARGAS,MOTO,CARGAS,2016,7,15
2016-0093,1,2016-07-17,Sunday,03:30:00,3,AVENIDA,"ALBERDI, JUAN BAUTISTA AV. y MITRE, EMILIO",ESQUINA,6,AUTO-AUTO,AUTO,AUTO,2016,7,17
2016-0095,1,2016-07-23,Saturday,06:12:00,6,AVENIDA,MERCEDES y MOSCONI GENERAL AV.,ESQUINA,11,MOTO-AUTO,MOTO,AUTO,2016,7,23
2016-0096,1,2016-07-25,Monday,07:00:00,7,AUTOPISTA,AUTOPISTA DELLEPIANE LUIS TTE. GRAL.,AUTOPISTA,8,MOTO-CARGAS,MOTO,CARGAS,2016,7,25
2016-0097,1,2016-07-26,Tuesday,18:45:00,18,CALLE,SOLIS y MEXICO,ESQUINA,1,PEATON-AUTO,PEATON,AUTO,2016,7,26
2016-0098,1,2016-07-27,Wednesday,16:08:00,16,AVENIDA,SAN JUAN AV. y ALBERTI,ESQUINA,3,MOTO-CARGAS,MOTO,CARGAS,2016,7,27
2016-0099,1,2016-07-29,Friday,16:00:00,16,GRAL PAZ,"MOSCONI GENERAL AV. y PAZ, GRAL. AV.",AUTOPISTA,11,CARGAS-CARGAS,CARGAS,CARGAS,2016,7,29
2016-0100,1,2016-08-03,Wednesday,23:27:00,23,GRAL PAZ,"PAZ, GRAL. AV. y DONADO",AUTOPISTA,12,MOTO-OBJETO FIJO,MOTO,OBJETO FIJO,2016,8,3
2016-0101,1,2016-08-07,Sunday,19:42:00,19,GRAL PAZ,"PAZ, GRAL. AV. y CHAVEZ, JORGE",AUTOPISTA,9,SD-SD,,,2016,8,7
2016-0102,1,2016-08-10,Wednesday,23:37:00,23,AVENIDA,"PERON, EVA AV. y SUAREZ, JOSE LEON",ESQUINA,9,MOTO-CARGAS,MOTO,CARGAS,2016,8,10
2016-0104,1,2016-08-14,Sunday,21:15:00,21,AVENIDA,ZINNY y SANTIAGO DE COMPOSTELA AV.,ESQUINA,9,MOTO-PASAJEROS,MOTO,PASAJEROS,2016,8,14
2016-0105,1,2016-08-17,Wednesday,00:05:00,0,AVENIDA,"LACROZE, FEDERICO AV. y FRAGA",ESQUINA,15,PEATON-PASAJEROS,PEATON,PASAJEROS,2016,8,17
2016-0106,1,2016-08-19,Friday,21:02:00,21,AVENIDA,"PELLEGRINI, CARLOS y DEL LIBERTADOR AV.",ESQUINA,1,PEATON-PASAJEROS,PEATON,PASAJEROS,2016,8,19
2016-0107,1,2016-08-20,Saturday,08:22:00,8,AUTOPISTA,AUTOPISTA 1 SUR PRESIDENTE ARTURO FRONDIZI y DON PEDRO DE MENDOZA AV.,AUTOPISTA,4,MOTO-AUTO,MOTO,AUTO,2016,8,20
2016-0109,1,2016-08-24,Wednesday,05:45:00,5,AUTOPISTA,AUTOPISTA PERITO MORENO y BARRAGAN,AUTOPISTA,9,AUTO-OBJETO FIJO,AUTO,OBJETO FIJO,2016,8,24
2016-0110,1,2016-08-24,Wednesday,20:21:00,20,AVENIDA,"ALBERDI, JUAN BAUTISTA AV. y CARHUE",ESQUINA,9,PEATON-SD,PEATON,,2016,8,24
2016-0111,1,2016-08-25,Thursday,09:30:00,9,AUTOPISTA,LUGONES y LA PAMPA,AUTOPISTA,15,MOTO-CARGAS,MOTO,CARGAS,2016,8,25
2016-0112,1,2016-08-27,Saturday,04:40:00,4,AUTOPISTA,AUTOPISTA 25 DE MAYO y AUTOPISTA 1 SUR PRESIDENTE ARTURO FRONDIZI,AUTOPISTA,1,MOTO-OBJETO FIJO,MOTO,OBJETO FIJO,2016,8,27
2016-0113,1,2016-08-27,Saturday,16:45:00,16,AVENIDA,"ALBERDI, JUAN BAUTISTA AV. y GUARDIA NACIONAL",ESQUINA,9,PEATON-PASAJEROS,PEATON,PASAJEROS,2016,8,27
2016-0114,1,2016-08-31,Wednesday,11:20:00,11,CALLE,"SALGUERO, JERONIMO 1410",CUADRA,14,BICICLETA-CARGAS,BICICLETA,CARGAS,2016,8,31
2016-0115,1,2016-09-02,Friday,11:50:00,11,CALLE,ARIAS y TRONADOR,ESQUINA,12,SD-CARGAS,,CARGAS,2016,9,2
2016-0116,1,2016-09-02,Friday,20:20:00,20,AVENIDA,27 DE FEBRERO AV. y ESCALADA AV.,ESQUINA,8,MOTO-AUTO,MOTO,AUTO,2016,9,2
2016-0117,1,2016-09-03,Saturday,15:30:00,15,AVENIDA,DEL LIBERTADOR AV. y TAGLE,ESQUINA,14,AUTO-AUTO,AUTO,AUTO,2016,9,3
2016-0118,1,2016-09-04,Sunday,03:30:00,3,AUTOPISTA,AUTOPISTA 1 SUR PRESIDENTE ARTURO FRONDIZI KM. 2.9,AUTOPISTA,1,AUTO-AUTO,AUTO,AUTO,2016,9,4
2016-0119,1,2016-09-04,Sunday,06:40:00,6,AVENIDA,"LARRALDE, CRISOLOGO AV. y TRIUNVIRATO AV.",ESQUINA,12,SD-SD,,,2016,9,4
2016-0122,1,2016-09-13,Tuesday,07:10:00,7,AVENIDA,"PERON, EVA AV. 4233",CUADRA,9,BICICLETA-PASAJEROS,BICICLETA,PASAJEROS,2016,9,13
2016-0123,1,2016-09-14,Wednesday,09:00:00,9,AVENIDA,"ASAMBLEA AV. y BONORINO, ESTEBAN, CNEL. AV.",ESQUINA,7,MOTO-AUTO,MOTO,AUTO,2016,9,14
2016-0124,1,2016-09-16,Friday,15:24:00,15,AVENIDA,RIVADAVIA AV. y RIVERA INDARTE AV.,ESQUINA,7,PEATON-PASAJEROS,PEATON,PASAJEROS,2016,9,16
2016-0125,1,2016-09-17,Saturday,12:14:00,12,AUTOPISTA,"AUTOPISTA PERITO MORENO y ALBERDI, JUAN BAUTISTA AV.",AUTOPISTA,10,MOTO-MOTO,MOTO,MOTO,2016,9,17
2016-0126,2,2016-09-18,Sunday,22:45:00,22,CALLE,IRIGOYEN y TINOGASTA,ESQUINA,10,AUTO-CARGAS,AUTO,CARGAS,2016,9,18
2016-0127,1,2016-09-24,Saturday,10:25:00,10,AVENIDA,"ACOSTA, MARIANO y ROCA, CNEL. AV.",ESQUINA,8,PEATON-PASAJEROS,PEATON,PASAJEROS,2016,9,24
2016-0128,1,2016-10-02,Sunday,11:30:00,11,AVENIDA,CASTRO y PAVON AV.,ESQUINA,5,PEATON-PASAJEROS,PEATON,PASAJEROS,2016,10,2
2016-0130,1,2016-10-04,Tuesday,12:30:00,12,AUTOPISTA,AUTOPISTA 1 SUR PRESIDENTE ARTURO FRONDIZI y BRASIL,AUTOPISTA,1,MOTO-CARGAS,MOTO,CARGAS,2016,10,4
2016-0131,1,2016-10-09,Sunday,19:13:00,19,CALLE,MIRAVE 3500,CUADRA,4,PEATON-AUTO,PEATON,AUTO,2016,10,9
2016-0132,1,2016-10-10,Monday,02:30:00,2,AVENIDA,SAN JUAN AV. y 24 DE NOVIEMBRE,ESQUINA,3,AUTO-PASAJEROS,AUTO,PASAJEROS,2016,10,10
2016-0133,1,2016-10-14,Friday,00:05:00,0,AVENIDA,LAS HERAS GENERAL AV. y SANCHEZ DE BUSTAMANTE,ESQUINA,14,MOTO-AUTO,MOTO,AUTO,2016,10,14
2016-0134,1,2016-10-23,Sunday,05:00:00,5,AVENIDA,PIEDRA BUENA AV. y 2 DE ABRIL DE 1982,ESQUINA,8,MOTO-OBJETO FIJO,MOTO,OBJETO FIJO,2016,10,23
2016-0135,1,2016-10-24,Monday,05:00:00,5,AVENIDA,"FIGUEROA ALCORTA, PRES. AV. y PINEDO, INT.",ESQUINA,14,PEATON-SD,PEATON,,2016,10,24
2016-0136,1,2016-10-25,Tuesday,00:00:00,0,AUTOPISTA,AU BUENOS AIRES - LA PLATA KM. 4,AUTOPISTA,4,MOTO-CARGAS,MOTO,CARGAS,2016,10,25
2016-0137,1,2016-10-25,Tuesday,00:39:00,0,AVENIDA,SAN MARTIN AV. y LADINES,ESQUINA,11,MOTO-MOTO,MOTO,MOTO,2016,10,25
2016-0138,1,2016-10-27,Thursday,20:30:00,20,AVENIDA,CABILDO AV. y BLANCO ENCALADA,ESQUINA,13,BICICLETA-CARGAS,BICICLETA,CARGAS,2016,10,27
2016-0139,1,2016-10-28,Friday,23:00:00,23,AVENIDA,"FIGUEROA ALCORTA, PRES. AV. y DORREGO AV.",ESQUINA,14,MOTO-MOTO,MOTO,MOTO,2016,10,28
2016-0140,1,2016-10-31,Monday,02:58:00,2,AVENIDA,JURAMENTO AV. y VUELTA DE OBLIGADO,ESQUINA,13,PASAJEROS-PASAJEROS,PASAJEROS,PASAJEROS,2016,10,31
2016-0142,1,2016-11-05,Saturday,23:30:00,23,AVENIDA,"DEL LIBERTADOR AV. y RAMOS MEJIA, JOSE MARIA, DR. AV.",ESQUINA,1,MOTO-PASAJEROS,MOTO,PASAJEROS,2016,11,5
2016-0143,1,2016-11-06,Sunday,04:41:00,4,AVENIDA,27 DE FEBRERO AV. y ESCALADA AV.,ESQUINA,8,MOTO-SD,MOTO,,2016,11,6
2016-0144,1,2016-11-07,Monday,12:10:00,12,AVENIDA,"BROWN, ALTE. AV. 984",CUADRA,4,PEATON-PASAJEROS,PEATON,PASAJEROS,2016,11,7
2016-0145,1,2016-11-07,Monday,20:56:00,20,AVENIDA,DEL LIBERTADOR AV. y LA PAMPA,ESQUINA,13,MOTO-AUTO,MOTO,AUTO,2016,11,7
2016-0146,1,2016-11-09,Wednesday,20:00:00,20,AVENIDA,PICHINCHA AV. y BRASIL,ESQUINA,4,PEATON-PASAJEROS,PEATON,PASAJEROS,2016,11,9
2016-0147,1,2016-11-16,Wednesday,21:15:00,21,AVENIDA,"INDEPENDENCIA AV. y CEVALLOS, VIRREY",ESQUINA,1,MOVIL-PASAJEROS,MOVIL,PASAJEROS,2016,11,16
2016-0148,1,2016-11-16,Wednesday,22:20:00,22,AVENIDA,GARMENDIA AV. 4895,CUADRA,15,MOTO-MOTO,MOTO,MOTO,2016,11,16
2016-0150,1,2016-11-18,Friday,18:20:00,18,AVENIDA,"ALCORTA, AMANCIO AV. y TABORDA, DIOGENES",ESQUINA,4,CARGAS-CARGAS,CARGAS,CARGAS,2016,11,18
2016-0152,1,2016-11-23,Wednesday,21:10:00,21,AVENIDA,"MORENO, PERITO AV. y ZUVIRIA",ESQUINA,7,MOTO-AUTO,MOTO,AUTO,2016,11,23
2016-0153,1,2016-11-25,Friday,15:42:00,15,AVENIDA,ARAOZ y CORDOBA AV.,ESQUINA,15,PEATON-MOTO,PEATON,MOTO,2016,11,25
2016-0154,1,2016-11-26,Saturday,14:14:00,14,GRAL PAZ,"PAZ, GRAL. AV. 15200",AUTOPISTA,8,MOTO-MOTO,MOTO,MOTO,2016,11,26
2016-0155,1,2016-11-26,Saturday,16:50:00,16,CALLE,MADERO 900,CUADRA,10,PEATON-AUTO,PEATON,AUTO,2016,11,26
2016-0156,1,2016-11-26,Saturday,19:40:00,19,AVENIDA,INDEPENDENCIA AV. y DEAN FUNES,ESQUINA,3,MOTO-PASAJEROS,MOTO,PASAJEROS,2016,11,26
2016-0157,1,2016-12-03,Saturday,06:40:00,6,AVENIDA,"JUSTO, JUAN B. AV. 5645",CUADRA,11,MOTO-MOTO,MOTO,MOTO,2016,12,3
2016-0159,1,2016-12-04,Sunday,07:21:00,7,AVENIDA,27 DE FEBRERO AV. y ESCALADA AV.,ESQUINA,8,AUTO-SD,AUTO,,2016,12,4
2016-0160,1,2016-12-06,Tuesday,05:30:00,5,AUTOPISTA,AUTOPISTA PERITO MORENO (ALTURA VELEZ SARSFIELD),AUTOPISTA,9,CARGAS-OBJETO FIJO,CARGAS,OBJETO FIJO,2016,12,6
2016-0161,1,2016-12-06,Tuesday,07:22:00,7,AVENIDA,SANTA FE AV. y GODOY CRUZ,ESQUINA,14,PEATON-PASAJEROS,PEATON,PASAJEROS,2016,12,6
2016-0162,1,2016-12-07,Wednesday,05:00:00,5,AVENIDA,"LACROZE, FEDERICO AV. y FOREST AV.",ESQUINA,15,PEATON-AUTO,PEATON,AUTO,2016,12,7
2016-0163,1,2016-12-10,Saturday,07:30:00,7,GRAL PAZ,"PAZ, GRAL. AV. y MOSCONI GENERAL AV.",AUTOPISTA,11,MOTO-AUTO,MOTO,AUTO,2016,12,10
2016-0164,1,2016-12-11,Sunday,06:16:00,6,AVENIDA,"LA PLATA AV. y POMAR, GREGORIO TTE. CNEL.",ESQUINA,4,AUTO-AUTO,AUTO,AUTO,2016,12,11
2016-0165,1,2016-12-12,Monday,08:25:00,8,AVENIDA,"GARCIA, MARTIN AV. 300",CUADRA,4,BICICLETA-PASAJEROS,BICICLETA,PASAJEROS,2016,12,12
2016-0168,1,2016-12-13,Tuesday,10:40:00,10,AVENIDA,"LA PLATA AV. y POMAR, GREGORIO TTE. CNEL.",ESQUINA,4,MOTO-AUTO,MOTO,AUTO,2016,12,13
2016-0169,1,2016-12-15,Thursday,15:30:00,15,AVENIDA,"NUÃ‘EZ y BALBIN, RICARDO, DR. AV.",ESQUINA,12,MOTO-PASAJEROS,MOTO,PASAJEROS,2016,12,15
2016-0170,1,2016-12-19,Monday,17:10:00,17,GRAL PAZ,"PAZ, GRAL. AV. 4500",AUTOPISTA,12,MOTO-AUTO,MOTO,AUTO,2016,12,19
2016-0171,1,2016-12-25,Sunday,19:00:00,19,AUTOPISTA,"HUERGO, ING. AV. y AUTOPISTA 25 DE MAYO",AUTOPISTA,1,MOTO-MOTO,MOTO,MOTO,2016,12,25
2016-0172,1,2016-12-26,Monday,08:00:00,8,AVENIDA,"GARAY, JUAN DE AV. y CASTRO",ESQUINA,5,MOTO-CARGAS,MOTO,CARGAS,2016,12,26
2016-0173,1,2016-12-26,Monday,19:52:00,19,AVENIDA,DIRECTORIO AV. y SAN PEDRITO AV.,ESQUINA,7,MOTO-CARGAS,MOTO,CARGAS,2016,12,26
2016-0175,1,2016-12-27,Tuesday,08:15:00,8,CALLE,"FALCON, RAMON L.,CNEL. y MEMBRILLAR",ESQUINA,7,PEATON-BICICLETA,PEATON,BICICLETA,2016,12,27
2016-0176,1,2016-12-28,Wednesday,01:41:00,1,AVENIDA,BELGRANO AV. y PASEO COLON AV.,ESQUINA,1,MOTO-PASAJEROS,MOTO,PASAJEROS,2016,12,28
2016-0177,1,2016-12-29,Thursday,04:00:00,4,CALLE,ARENALES 3319,CUADRA,14,PEATON-AUTO,PEATON,AUTO,2016,12,29
2016-0178,1,2016-12-30,Friday,16:18:00,16,CALLE,REPUBLICA BOLIVARIANA DE VENEZUELA y SAAVEDRA,ESQUINA,3,MULTIPLE,PEATON,MULTIPLE,2016,12,30
2017-0001,1,2017-01-02,Monday,01:00:00,1,AVENIDA,"JUSTO, JUAN B. AV. y ACHUPALLAS",ESQUINA,11,MOTO-CARGAS,MOTO,CARGAS,2017,1,2
2017-0003,1,2017-01-05,Thursday,03:10:00,3,AVENIDA,OLAVARRIA y VELEZ SARSFIELD AV.,ESQUINA,4,CARGAS-CARGAS,CARGAS,CARGAS,2017,1,5
2017-0007,1,2017-01-11,Wednesday,17:00:00,17,CALLE,LIMA y MEXICO,ESQUINA,1,MULTIPLE,PEATON,MULTIPLE,2017,1,11
2017-0008,1,2017-01-16,Monday,00:40:00,0,CALLE,"CABRERA, JOSE A. y BONPLAND",ESQUINA,14,MOTO-PASAJEROS,MOTO,PASAJEROS,2017,1,16
2017-0009,1,2017-01-16,Monday,13:56:00,13,AUTOPISTA,AUTOPISTA 25 DE MAYO y BOEDO AV.,AUTOPISTA,5,MOTO-CARGAS,MOTO,CARGAS,2017,1,16
2017-0010,1,2017-01-16,Monday,16:30:00,16,AVENIDA,DIRECTORIO AV. y RIGLOS,ESQUINA,6,MOTO-AUTO,MOTO,AUTO,2017,1,16
2017-0011,1,2017-01-22,Sunday,02:30:00,2,GRAL PAZ,"PAZ, GRAL. AV. y BALBIN, RICARDO, DR. AV.",AUTOPISTA,12,MOTO-OBJETO FIJO,MOTO,OBJETO FIJO,2017,1,22
2017-0012,1,2017-01-24,Tuesday,14:00:00,14,CALLE,"TRAFUL y TABORDA, DIOGENES",ESQUINA,4,MOTO-CARGAS,MOTO,CARGAS,2017,1,24
2017-0013,1,2017-01-27,Friday,07:00:00,7,AVENIDA,"IRIARTE, GRAL. AV. 3055",CUADRA,4,PEATON-CARGAS,PEATON,CARGAS,2017,1,27
2017-0014,1,2017-01-28,Saturday,08:27:34,8,AVENIDA,DONADO y ARIAS,ESQUINA,12,MULTIPLE,MOTO,MULTIPLE,2017,1,28
2017-0015,1,2017-02-02,Thursday,15:18:03,15,AVENIDA,CORDOBA AV. y CALLAO AV.,ESQUINA,2,PEATON-AUTO,PEATON,AUTO,2017,2,2
2017-0016,1,2017-02-03,Friday,05:12:21,5,AUTOPISTA,AUTOPISTA 25 DE MAYO KM. 8.3,AUTOPISTA,1,MOTO-CARGAS,MOTO,CARGAS,2017,2,3
2017-0017,1,2017-02-06,Monday,08:00:00,8,AVENIDA,"JUSTO, JUAN B. AV. y PARAGUAY",ESQUINA,14,MOTO-AUTO,MOTO,AUTO,2017,2,6
2017-0018,1,2017-02-09,Thursday,07:00:00,7,GRAL PAZ,"PAZ, GRAL. AV. y DE LOS CORRALES AV.",AUTOPISTA,9,MOTO-AUTO,MOTO,AUTO,2017,2,9
2017-0021,1,2017-02-18,Saturday,05:30:00,5,CALLE,SARMIENTO y LIBERTAD,ESQUINA,1,MOTO-PASAJEROS,MOTO,PASAJEROS,2017,2,18
2017-0024,1,2017-02-23,Thursday,20:50:00,20,AVENIDA,RIVADAVIA AV. 7121,CUADRA,7,PEATON-PASAJEROS,PEATON,PASAJEROS,2017,2,23
2017-0025,1,2017-02-24,Friday,17:05:00,17,AVENIDA,"FERNANDEZ DE LA CRUZ, F., GRAL. AV. y RIVERA INDARTE AV.",ESQUINA,7,MOTO-SD,MOTO,,2017,2,24
2017-0026,2,2017-02-26,Sunday,05:15:00,5,AVENIDA,"MORENO, PERITO AV. y FOURNIER",ESQUINA,4,AUTO-OBJETO FIJO,AUTO,OBJETO FIJO,2017,2,26
2017-0027,1,2017-02-26,Sunday,21:57:00,21,AVENIDA,CASEROS AV. 1429,CUADRA,1,PEATON-AUTO,PEATON,AUTO,2017,2,26
2017-0028,1,2017-02-28,Tuesday,09:20:00,9,AVENIDA,GAONA AV. y FRAGATA PRES. SARMIENTO,ESQUINA,6,PEATON-AUTO,PEATON,AUTO,2017,2,28
2017-0029,1,2017-03-07,Tuesday,02:15:00,2,CALLE,MOZART y TANDIL,ESQUINA,9,SD-AUTO,,AUTO,2017,3,7
2017-0030,1,2017-03-07,Tuesday,08:00:00,8,AVENIDA,MOZART y AUTOPISTA DELLEPIANE LUIS TTE. GRAL.,ESQUINA,9,AUTO-PASAJEROS,AUTO,PASAJEROS,2017,3,7
2017-0031,1,2017-03-11,Saturday,01:30:00,1,CALLE,24 DE NOVIEMBRE y PAVON,ESQUINA,3,AUTO-OBJETO FIJO,AUTO,OBJETO FIJO,2017,3,11
2017-0032,1,2017-03-12,Sunday,05:00:00,5,GRAL PAZ,"PAZ, GRAL. AV. y LOS CEDROS",AUTOPISTA,8,AUTO-AUTO,AUTO,AUTO,2017,3,12
2017-0033,1,2017-03-12,Sunday,07:30:00,7,GRAL PAZ,"PAZ, GRAL. AV. y GUTIERREZ, RICARDO",AUTOPISTA,11,AUTO-AUTO,AUTO,AUTO,2017,3,12
2017-0034,1,2017-03-13,Monday,07:50:00,7,CALLE,GODOY CRUZ 2651,CUADRA,14,PEATON-AUTO,PEATON,AUTO,2017,3,13
2017-0035,3,2017-03-23,Thursday,05:00:00,5,AVENIDA,"ACHAVAL RODRIGUEZ, T., DR. AV. y VILLAFLOR, AZUCENA",ESQUINA,1,AUTO-OBJETO FIJO,AUTO,OBJETO FIJO,2017,3,23
2017-0036,2,2017-03-29,Wednesday,18:00:00,18,GRAL PAZ,"PAZ, GRAL. AV. y CAMPANA",AUTOPISTA,12,MOTO-PASAJEROS,MOTO,PASAJEROS,2017,3,29
2017-0037,1,2017-03-31,Friday,03:00:00,3,AVENIDA,"INDEPENDENCIA AV. y CEVALLOS, VIRREY",ESQUINA,1,MOTO-CARGAS,MOTO,CARGAS,2017,3,31
2017-0038,1,2017-04-01,Saturday,19:00:00,19,AVENIDA,CASTAÃ‘ARES AV. y LAUTARO,ESQUINA,7,MOTO-AUTO,MOTO,AUTO,2017,4,1
2017-0040,1,2017-04-03,Monday,09:40:00,9,AVENIDA,"GUIRALDES, INT. 2699",CUADRA,13,MULTIPLE,AUTO,MULTIPLE,2017,4,3
2017-0041,1,2017-04-03,Monday,23:15:00,23,CALLE,"FERNANDEZ MORENO, BALDOMERO 2186",CUADRA,7,MOTO-AUTO,MOTO,AUTO,2017,4,3
2017-0042,1,2017-04-10,Monday,09:00:00,9,GRAL PAZ,"LUGONES, LEOPOLDO AV.",AUTOPISTA,14,MOTO-CARGAS,MOTO,CARGAS,2017,4,10
2017-0045,1,2017-04-14,Friday,06:15:00,6,CALLE,NOGOYA 5940,CUADRA,10,MOTO-OBJETO FIJO,MOTO,OBJETO FIJO,2017,4,14
2017-0047,1,2017-04-23,Sunday,06:30:00,6,AVENIDA,ARGENTINA AV. y CORVALAN,ESQUINA,8,MOTO-AUTO,MOTO,AUTO,2017,4,23
2017-0049,1,2017-04-27,Thursday,18:16:00,18,AVENIDA,"FERNANDEZ DE LA CRUZ, F., GRAL. AV. y VARELA AV.",ESQUINA,8,PEATON-PASAJEROS,PEATON,PASAJEROS,2017,4,27
2017-0050,2,2017-04-28,Friday,11:08:08,11,AUTOPISTA,AU PERITO MORENO Y RAMAL ENLACE AU1/AU6,AUTOPISTA,9,MOTO-CARGAS,MOTO,CARGAS,2017,4,28
2017-0051,1,2017-05-01,Monday,03:47:47,3,AUTOPISTA,AU DELLEPIANE 2400,AUTOPISTA,7,AUTO-AUTO,AUTO,AUTO,2017,5,1
2017-0052,1,2017-05-05,Friday,03:40:00,3,GRAL PAZ,"PAZ, GRAL. AV. y GOLETA SANTA CRUZ",AUTOPISTA,8,PEATON-CARGAS,PEATON,CARGAS,2017,5,5
2017-0053,1,2017-05-05,Friday,20:16:22,20,CALLE,VIEYTES y VILLARINO,ESQUINA,4,MOTO-CARGAS,MOTO,CARGAS,2017,5,5
2017-0054,1,2017-05-07,Sunday,21:00:00,21,AVENIDA,"DE LOS CONSTITUYENTES AV. y MORAN, PEDRO",ESQUINA,15,MOTO-AUTO,MOTO,AUTO,2017,5,7
2017-0055,1,2017-05-09,Tuesday,08:30:00,8,AVENIDA,DE LOS CONSTITUYENTES AV. 4900,CUADRA,12,AUTO-AUTO,AUTO,AUTO,2017,5,9
2017-0058,1,2017-05-09,Tuesday,23:10:00,23,AVENIDA,CORDOBA AV. y LIBERTAD,ESQUINA,1,PEATON-MOTO,PEATON,MOTO,2017,5,9
2017-0059,1,2017-05-11,Thursday,09:24:00,9,CALLE,BRASIL y LIMA,ESQUINA,1,PEATON-PASAJEROS,PEATON,PASAJEROS,2017,5,11
2017-0060,1,2017-05-13,Saturday,07:20:00,7,AVENIDA,"ESCALADA AV. y FERNANDEZ DE LA CRUZ, F., GRAL. AV.",ESQUINA,8,MOTO-OBJETO FIJO,MOTO,OBJETO FIJO,2017,5,13
2017-0061,1,2017-05-15,Monday,13:29:30,13,AVENIDA,PARAGUAY y CALLAO AV.,ESQUINA,2,PEATON-MOTO,PEATON,MOTO,2017,5,15
2017-0062,1,2017-05-15,Monday,16:00:00,16,AVENIDA,"JUSTO, JUAN B. AV. y SAN BLAS",ESQUINA,10,MOTO-CARGAS,MOTO,CARGAS,2017,5,15
2017-0063,1,2017-05-17,Wednesday,10:13:00,10,AVENIDA,CHILE y 9 DE JULIO AV.,ESQUINA,1,PEATON-PASAJEROS,PEATON,PASAJEROS,2017,5,17
2017-0064,1,2017-05-20,Saturday,05:00:00,5,CALLE,"MAIPU y PERON, JUAN DOMINGO, TTE. GENERAL",ESQUINA,1,CARGAS-AUTO,CARGAS,AUTO,2017,5,20
2017-0065,1,2017-05-22,Monday,16:00:00,16,AVENIDA,SUAREZ AV. y HERRERA,ESQUINA,4,BICICLETA-CARGAS,BICICLETA,CARGAS,2017,5,22
2017-0066,1,2017-05-22,Monday,18:10:00,18,AVENIDA,SAN MARTIN AV. y FRAGATA PRES. SARMIENTO,ESQUINA,15,PEATON-PASAJEROS,PEATON,PASAJEROS,2017,5,22
2017-0067,1,2017-05-23,Tuesday,02:45:00,2,AVENIDA,"DIRECTORIO AV. y MORENO, JOSE MARIA AV.",ESQUINA,6,MOTO-CARGAS,MOTO,CARGAS,2017,5,23
2017-0068,1,2017-05-27,Saturday,19:50:00,19,AVENIDA,"RABANAL, FRANCISCO, INTENDENTE AV. 2950",CUADRA,8,MOTO-OBJETO FIJO,MOTO,OBJETO FIJO,2017,5,27
2017-0069,1,2017-05-24,Wednesday,14:15:00,14,GRAL PAZ,"PAZ, GRAL. AV. y SCHMIDL, ULRICO",AUTOPISTA,9,MOTO-SD,MOTO,,2017,5,24
2017-0070,1,2017-05-30,Tuesday,13:20:00,13,CALLE,NUEVA YORK 3696,CUADRA,11,PEATON-AUTO,PEATON,AUTO,2017,5,30
2017-0072,1,2017-06-03,Saturday,23:20:00,23,AVENIDA,DE LOS CONSTITUYENTES AV. y VALLEJOS,ESQUINA,12,AUTO-AUTO,AUTO,AUTO,2017,6,3
2017-0073,1,2017-06-04,Sunday,09:00:00,9,AVENIDA,CORRIENTES AV. y ECUADOR,ESQUINA,3,MOTO-AUTO,MOTO,AUTO,2017,6,4
2017-0074,1,2017-06-04,Sunday,12:50:00,12,CALLE,CASCO 133,CUADRA,9,SD-SD,,,2017,6,4
2017-0075,1,2017-06-12,Monday,22:38:00,22,AVENIDA,DE MAYO AV. y 9 DE JULIO AV.,ESQUINA,1,PEATON-MOTO,PEATON,MOTO,2017,6,12
2017-0076,1,2017-06-13,Tuesday,14:50:00,14,AVENIDA,"CASTILLO, RAMON S., PRES. AV. y CALLE 12 (NO OFICIAL)",ESQUINA,2,PEATON-CARGAS,PEATON,CARGAS,2017,6,13
2017-0077,1,2017-06-17,Saturday,23:45:00,23,CALLE,FRAY JUSTO SANTAMARIA DE ORO 1930,CUADRA,14,MOTO-CARGAS,MOTO,CARGAS,2017,6,17
2017-0079,1,2017-06-19,Monday,16:26:00,16,CALLE,MEXICO y DEAN FUNES,ESQUINA,3,MOTO-CARGAS,MOTO,CARGAS,2017,6,19
2017-0080,1,2017-06-22,Thursday,10:15:00,10,AVENIDA,"ALBERDI, JUAN BAUTISTA AV. y ESCALADA AV.",ESQUINA,9,PEATON-CARGAS,PEATON,CARGAS,2017,6,22
2017-0082,1,2017-06-25,Sunday,22:40:00,22,AVENIDA,ENTRE RIOS AV. y BRASIL,ESQUINA,4,PEATON-AUTO,PEATON,AUTO,2017,6,25
2017-0083,1,2017-07-04,Tuesday,00:25:00,0,AVENIDA,"ALBERDI, JUAN BAUTISTA AV. y GUARDIA NACIONAL",ESQUINA,9,MOTO-CARGAS,MOTO,CARGAS,2017,7,4
2017-0084,1,2017-07-05,Wednesday,12:49:00,12,AVENIDA,DEL LIBERTADOR AV. y RODRIGUEZ PEÃ‘A,ESQUINA,2,PEATON-PASAJEROS,PEATON,PASAJEROS,2017,7,5
2017-0085,1,2017-07-07,Friday,14:15:00,14,AVENIDA,"TACUARI y GARCIA, MARTIN AV.",ESQUINA,4,PEATON-PASAJEROS,PEATON,PASAJEROS,2017,7,7
2017-0086,1,2017-07-09,Sunday,07:30:00,7,AVENIDA,RIVADAVIA AV. y MURGUIONDO,ESQUINA,9,PEATON-MOTO,PEATON,MOTO,2017,7,9
2017-0087,1,2017-07-10,Monday,10:45:00,10,CALLE,24 DE NOVIEMBRE 390,CUADRA,3,PEATON-AUTO,PEATON,AUTO,2017,7,10
2017-0088,1,2017-07-10,Monday,22:30:00,22,AVENIDA,PASEO COLON AV. y BRASIL AV.,ESQUINA,1,PEATON-PASAJEROS,PEATON,PASAJEROS,2017,7,10
2017-0089,1,2017-07-13,Thursday,12:05:00,12,CALLE,"LEGUIZAMON, MARTINIANO 901",CUADRA,9,SD-AUTO,,AUTO,2017,7,13
2017-0090,1,2017-07-15,Saturday,05:15:00,5,GRAL PAZ,"CHIVILCOY AV. y PAZ, GRAL. AV.",AUTOPISTA,11,PEATON-AUTO,PEATON,AUTO,2017,7,15
2017-0091,1,2017-07-15,Saturday,13:00:00,13,GRAL PAZ,"SUPERI y PAZ, GRAL. AV.",AUTOPISTA,12,MOTO-SD,MOTO,,2017,7,15
2017-0092,1,2017-07-24,Monday,22:16:01,22,AUTOPISTA,AUTOPISTA 25 DE MAYO y AUTOPISTA 1 SUR PRESIDENTE ARTURO FRONDIZI,AUTOPISTA,1,PEATON-AUTO,PEATON,AUTO,2017,7,24
2017-0093,1,2017-07-25,Tuesday,16:48:40,16,AUTOPISTA,"LUGONES, LEOPOLDO AV. y PUENTE DISTRIBUIDOR SCALABRINI ORTIZ",AUTOPISTA,13,PEATON-AUTO,PEATON,AUTO,2017,7,25
2017-0094,1,2017-07-27,Thursday,08:50:00,8,CALLE,"HUGO, VICTOR 2639",CUADRA,10,BICICLETA-CARGAS,BICICLETA,CARGAS,2017,7,27
2017-0095,1,2017-08-06,Sunday,08:00:00,8,AVENIDA,"CORDOBA AV. y SALGUERO, JERONIMO",ESQUINA,14,MOTO-AUTO,MOTO,AUTO,2017,8,6
2017-0096,1,2017-08-07,Monday,19:50:00,19,AVENIDA,CABILDO AV. y NUÃ‘EZ,ESQUINA,13,PEATON-PASAJEROS,PEATON,PASAJEROS,2017,8,7
2017-0098,1,2017-08-08,Tuesday,12:10:00,12,CALLE,"BONIFACIO, JOSE 2114",CUADRA,7,PEATON-AUTO,PEATON,AUTO,2017,8,8
2017-0099,1,2017-08-17,Thursday,19:45:00,19,AVENIDA,"FIGUEROA ALCORTA, PRES. AV. 5400",CUADRA,14,BICICLETA-AUTO,BICICLETA,AUTO,2017,8,17
2017-0100,1,2017-08-21,Monday,07:45:00,7,CALLE,REPUBLICA BOLIVARIANA DE VENEZUELA 2135,CUADRA,3,MOTO-OBJETO FIJO,MOTO,OBJETO FIJO,2017,8,21
2017-0101,1,2017-08-23,Wednesday,10:00:00,10,AVENIDA,"LACROZE, FEDERICO AV. y ZAPATA",ESQUINA,13,MULTIPLE,PEATON,MULTIPLE,2017,8,23
2017-0102,1,2017-08-24,Thursday,01:10:00,1,AVENIDA,"IRIARTE, GRAL. AV. y ZAVALETA",ESQUINA,4,PEATON-CARGAS,PEATON,CARGAS,2017,8,24
2017-0104,1,2017-08-25,Friday,09:00:00,9,AVENIDA,9 DE JULIO AV. y ESTADOS UNIDOS,ESQUINA,1,PEATON-CARGAS,PEATON,CARGAS,2017,8,25
2017-0106,1,2017-08-31,Thursday,19:50:00,19,CALLE,FRAY JUSTO SANTAMARIA DE ORO y GUEMES,ESQUINA,14,PEATON-PASAJEROS,PEATON,PASAJEROS,2017,8,31
2017-0107,1,2017-09-01,Friday,11:30:00,11,AVENIDA,DEL LIBERTADOR AV. y JARAMILLO,ESQUINA,13,MOTO-CARGAS,MOTO,CARGAS,2017,9,1
2017-0108,2,2017-09-02,Saturday,04:53:08,4,GRAL PAZ,"PAZ, GRAL. AV. y MACHAIN",AUTOPISTA,12,AUTO-OBJETO FIJO,OBJETO FIJO,AUTO,2017,9,2
2017-0109,1,2017-09-04,Monday,21:00:00,21,AVENIDA,DIRECTORIO AV. y PORTELA,ESQUINA,7,MOTO-AUTO,MOTO,AUTO,2017,9,4
2017-0110,1,2017-09-06,Wednesday,14:15:00,14,AVENIDA,"LAVALLE y ALEM, LEANDRO N. AV.",ESQUINA,1,PEATON-PASAJEROS,PEATON,PASAJEROS,2017,9,6
2017-0111,1,2017-09-07,Thursday,18:23:37,18,CALLE,USPALLATA y PIROVANO,ESQUINA,4,PEATON-CARGAS,PEATON,CARGAS,2017,9,7
2017-0112,2,2017-09-10,Sunday,09:32:17,9,AUTOPISTA,AUTOPISTA 25 DE MAYO y VARELA AV.,AUTOPISTA,7,AUTO-OBJETO FIJO,AUTO,OBJETO FIJO,2017,9,10
2017-0113,1,2017-09-11,Monday,06:30:00,6,AVENIDA,SANTA FE AV. y MAIPU,ESQUINA,1,PEATON-PASAJEROS,PEATON,PASAJEROS,2017,9,11
2017-0114,1,2017-09-15,Friday,02:30:00,2,AVENIDA,ALVEAR AV. y DEL LIBERTADOR AV.,ESQUINA,2,AUTO-OBJETO FIJO,AUTO,OBJETO FIJO,2017,9,15
2017-0115,1,2017-09-19,Tuesday,18:52:33,18,AVENIDA,PAVON AV. y TREINTA Y TRES ORIENTALES,ESQUINA,5,MOTO-BICICLETA,MOTO,BICICLETA,2017,9,19
2017-0116,1,2017-09-20,Wednesday,22:24:00,22,GRAL PAZ,"PAZ, GRAL. AV. 5750",AUTOPISTA,12,MOTO-OBJETO FIJO,MOTO,OBJETO FIJO,2017,9,20
2017-0118,1,2017-09-22,Friday,07:02:09,7,AVENIDA,"VIEYTES y CRUZ, OSVALDO AV.",ESQUINA,4,MOTO-AUTO,MOTO,AUTO,2017,9,22
2017-0120,1,2017-10-02,Monday,15:55:33,15,AUTOPISTA,AUTOPISTA DELLEPIANE LUIS TTE. GRAL. y ESCALADA AV.,AUTOPISTA,9,MOTO-CARGAS,MOTO,CARGAS,2017,10,2
2017-0123,1,2017-10-10,Tuesday,01:05:38,1,AVENIDA,ALBARIÃ‘O y ARGENTINA AV.,ESQUINA,8,PEATON-AUTO,PEATON,AUTO,2017,10,10
2017-0124,1,2017-10-12,Thursday,14:40:28,14,CALLE,"RAMIREZ DE VELASCO, JUAN 1211",CUADRA,15,MOTO-PASAJEROS,MOTO,PASAJEROS,2017,10,12
2017-0125,1,2017-10-13,Friday,06:12:20,6,AVENIDA,"FERNANDEZ DE LA CRUZ, F., GRAL. AV. y LARRAYA",ESQUINA,8,MOTO-OBJETO FIJO,MOTO,OBJETO FIJO,2017,10,13
2017-0126,2,2017-10-14,Saturday,06:15:00,6,AVENIDA,RIESTRA AV. y CAÃ‘ADA DE GOMEZ,ESQUINA,8,AUTO-OBJETO FIJO,AUTO,OBJETO FIJO,2017,10,14
2017-0127,1,2017-10-16,Monday,07:45:00,7,AVENIDA,GALLO y CORDOBA AV.,ESQUINA,2,MOTO-MOTO,MOTO,MOTO,2017,10,16
2017-0128,1,2017-10-17,Tuesday,12:30:00,12,CALLE,"ARANGUREN, JUAN F., DR. 611",CUADRA,6,PEATON-PASAJEROS,PEATON,PASAJEROS,2017,10,17
2017-0129,1,2017-10-26,Thursday,19:15:15,19,AUTOPISTA,AUTOPISTA PERITO MORENO y AUTOPISTA 25 DE MAYO,AUTOPISTA,9,MOTO-PASAJEROS,MOTO,PASAJEROS,2017,10,26
2017-0130,1,2017-10-27,Friday,05:30:00,5,AVENIDA,CHORROARIN y SAN MARTIN AV.,ESQUINA,15,AUTO-CARGAS,AUTO,CARGAS,2017,10,27
2017-0132,1,2017-10-30,Monday,14:00:00,14,AVENIDA,"COSQUIN y ROCA, CNEL. AV.",ESQUINA,8,MOTO-PASAJEROS,MOTO,PASAJEROS,2017,10,30
2017-0134,1,2017-11-06,Monday,18:00:00,18,AVENIDA,"ROCA, CNEL. AV. 3555",CUADRA,8,PEATON-PASAJEROS,PEATON,PASAJEROS,2017,11,6
2017-0135,1,2017-11-07,Tuesday,12:14:10,12,AVENIDA,WARNES AV. y PUNTA ARENAS,ESQUINA,15,MOTO-CARGAS,MOTO,CARGAS,2017,11,7
2017-0136,1,2017-11-16,Thursday,08:43:00,8,AVENIDA,"BARCO CENTENERA DEL y RABANAL, FRANCISCO, INTENDENTE AV.",ESQUINA,4,PEATON-PASAJEROS,PEATON,PASAJEROS,2017,11,16
2017-0137,1,2017-11-17,Friday,11:45:00,11,AVENIDA,MOSCONI GENERAL AV. y SAN NICOLAS,ESQUINA,11,PEATON-CARGAS,PEATON,CARGAS,2017,11,17
2017-0138,1,2017-11-19,Sunday,10:30:00,10,AVENIDA,"LAFUENTE AV. y PERON, EVA AV.",ESQUINA,7,MOTO-OBJETO FIJO,MOTO,OBJETO FIJO,2017,11,19
2017-0139,1,2017-11-19,Sunday,22:30:00,22,AVENIDA,"ROCA, CNEL. AV. y ESCALADA AV.",ESQUINA,8,AUTO-OBJETO FIJO,AUTO,OBJETO FIJO,2017,11,19
2017-0140,1,2017-11-19,Sunday,23:22:17,23,AUTOPISTA,AUTOPISTA 1 SUR PRESIDENTE ARTURO FRONDIZI,AUTOPISTA,4,MOTO-PASAJEROS,MOTO,PASAJEROS,2017,11,19
2017-0141,1,2017-11-23,Thursday,19:45:00,19,AVENIDA,"LA PLATA AV. y GOYENA, PEDRO AV.",ESQUINA,6,PEATON-PASAJEROS,PEATON,PASAJEROS,2017,11,23
2017-0143,1,2017-11-25,Saturday,21:45:00,21,CALLE,"TRELLES, MANUEL R. y DIAZ, CESAR, GRAL.",ESQUINA,11,AUTO-PASAJEROS,AUTO,PASAJEROS,2017,11,25
2017-0144,1,2017-11-26,Sunday,06:45:00,6,GRAL PAZ,"ROCA, CNEL. AV. y PAZ, GRAL. AV.",AUTOPISTA,8,AUTO-OBJETO FIJO,AUTO,OBJETO FIJO,2017,11,26
2017-0145,1,2017-11-26,Sunday,17:05:00,17,CALLE,MAZA y DON BOSCO,ESQUINA,5,MOTO-AUTO,MOTO,AUTO,2017,11,26
2017-0147,1,2017-11-28,Tuesday,11:15:00,11,GRAL PAZ,"PAZ, GRAL. AV. y PERON, EVA AV.",AUTOPISTA,9,MOTO-AUTO,MOTO,AUTO,2017,11,28
2017-0148,1,2017-11-29,Wednesday,10:45:00,10,AVENIDA,SAN JUAN AV. y LA RIOJA,ESQUINA,3,PEATON-PASAJEROS,PEATON,PASAJEROS,2017,11,29
2017-0149,1,2017-11-30,Thursday,12:20:00,12,AVENIDA,PASEO COLON AV. y MEXICO,ESQUINA,1,PEATON-PASAJEROS,PEATON,PASAJEROS,2017,11,30
2017-0150,1,2017-12-04,Monday,01:15:00,1,AVENIDA,RIVADAVIA AV. y MIRALLA,ESQUINA,9,PEATON-AUTO,PEATON,AUTO,2017,12,4
2017-0151,1,2017-12-04,Monday,02:15:00,2,CALLE,VIEYTES y LUJAN,ESQUINA,4,PEATON-PASAJEROS,PEATON,PASAJEROS,2017,12,4
2017-0152,1,2017-12-06,Wednesday,17:30:00,17,CALLE,CACHI y TRAFUL,ESQUINA,4,BICICLETA-PASAJEROS,BICICLETA,PASAJEROS,2017,12,6
2017-0153,2,2017-12-11,Monday,02:00:00,2,AVENIDA,ROSARIO y LA PLATA AV.,ESQUINA,6,MOTO-PASAJEROS,MOTO,PASAJEROS,2017,12,11
2017-0154,1,2017-12-11,Monday,09:15:00,9,AVENIDA,ENTRE RIOS AV. y CASEROS AV.,ESQUINA,4,PEATON-PASAJEROS,PEATON,PASAJEROS,2017,12,11
2017-0155,1,2017-12-12,Tuesday,21:25:41,21,AVENIDA,RIVADAVIA AV. 6350,CUADRA,7,SD-MOTO,,MOTO,2017,12,12
2017-0157,1,2017-12-17,Sunday,09:02:00,9,GRAL PAZ,"PAZ, GRAL. AV. y HUMAITA",AUTOPISTA,9,AUTO-PASAJEROS,AUTO,PASAJEROS,2017,12,17
2017-0158,1,2017-12-18,Monday,21:30:00,21,GRAL PAZ,"GUALEGUAYCHU y PAZ, GRAL. AV.",AUTOPISTA,11,MOTO-AUTO,MOTO,AUTO,2017,12,18
2017-0159,1,2017-12-20,Wednesday,04:31:27,4,AVENIDA,"INDEPENDENCIA AV. y CEVALLOS, VIRREY",ESQUINA,1,MOTO-AUTO,MOTO,AUTO,2017,12,20
2017-0160,1,2017-12-22,Friday,13:15:00,13,AVENIDA,NAZCA AV. 365,CUADRA,7,PEATON-MOTO,PEATON,MOTO,2017,12,22
2017-0161,1,2017-12-26,Tuesday,15:30:00,15,AVENIDA,"PERON, EVA AV. 5249",CUADRA,9,PEATON-AUTO,PEATON,AUTO,2017,12,26
2018-0001,1,2018-01-01,Monday,22:50:00,22,AVENIDA,SAN JUAN AV. y RINCON,ESQUINA,3,PEATON-MOTO,PEATON,MOTO,2018,1,1
2018-0002,1,2018-01-03,Wednesday,16:40:00,16,CALLE,PERU 937,CUADRA,1,BICICLETA-PASAJEROS,BICICLETA,PASAJEROS,2018,1,3
2018-0003,1,2018-01-05,Friday,10:12:00,10,AVENIDA,"PUEYRREDON, HONORIO, DR. AV. y GALICIA",ESQUINA,15,MULTIPLE,PEATON,MULTIPLE,2018,1,5
2018-0004,1,2018-01-09,Tuesday,09:40:00,9,AVENIDA,DEL LIBERTADOR AV. y MANZANARES,ESQUINA,13,MULTIPLE,MOTO,MULTIPLE,2018,1,9
2018-0005,1,2018-01-09,Tuesday,22:30:00,22,AVENIDA,PASEO COLON AV. 1019,CUADRA,1,PEATON-PASAJEROS,PEATON,PASAJEROS,2018,1,9
2018-0006,1,2018-01-10,Wednesday,21:15:00,21,CALLE,VALLE y BARCO CENTENERA DEL,ESQUINA,6,BICICLETA-PASAJEROS,BICICLETA,PASAJEROS,2018,1,10
2018-0007,1,2018-01-11,Thursday,02:30:00,2,AUTOPISTA,AUTOPISTA PERITO MORENO KM. 0.6,AUTOPISTA,9,AUTO-AUTO,AUTO,AUTO,2018,1,11
2018-0008,1,2018-01-12,Friday,17:50:00,17,AVENIDA,"HUERGO, ING. AV. e INDEPENDENCIA AV.",ESQUINA,1,MOTO-CARGAS,MOTO,CARGAS,2018,1,12
2018-0009,1,2018-01-14,Sunday,02:00:00,2,AVENIDA,"PILCOMAYO y BROWN, ALTE. AV.",ESQUINA,4,MOTO-MOTO,MOTO,MOTO,2018,1,14
2018-0010,1,2018-01-18,Thursday,05:10:00,5,CALLE,"CERVANTES y BELAUSTEGUI, LUIS, DR.",ESQUINA,10,MOTO-CARGAS,MOTO,CARGAS,2018,1,18
2018-0011,1,2018-01-19,Friday,10:30:00,10,AVENIDA,"CALLAO AV. y LOPEZ, VICENTE",ESQUINA,2,PEATON-PASAJEROS,PEATON,PASAJEROS,2018,1,19
2018-0012,1,2018-01-26,Friday,13:30:00,13,CALLE,"OLIDEN y CHILAVERT, MARTINIANO, CORONEL",ESQUINA,8,MOTO-PASAJEROS,MOTO,PASAJEROS,2018,1,26
2018-0013,1,2018-01-28,Sunday,08:15:00,8,AVENIDA,CONGRESO AV. y GALVAN,ESQUINA,12,MOTO-AUTO,MOTO,AUTO,2018,1,28
2018-0014,1,2018-01-31,Wednesday,20:00:00,20,AVENIDA,"MORENO, PERITO AV. y RIVERA INDARTE AV.",ESQUINA,7,PEATON-MOTO,PEATON,MOTO,2018,1,31
2018-0015,2,2018-02-06,Tuesday,01:00:00,1,AVENIDA,AUSTRALIA AV. 2800,CUADRA,4,MOTO-PASAJEROS,MOTO,PASAJEROS,2018,2,6
2018-0016,1,2018-02-15,Thursday,10:15:00,10,AVENIDA,"DEL LIBERTADOR AV. y RAMOS MEJIA, JOSE MARIA, DR. AV.",ESQUINA,1,MOTO-CARGAS,MOTO,CARGAS,2018,2,15
2018-0017,1,2018-02-17,Saturday,04:15:00,4,AVENIDA,SAN PEDRITO AV. y RIVADAVIA AV.,ESQUINA,7,PEATON-AUTO,PEATON,AUTO,2018,2,17
2018-0018,1,2018-02-17,Saturday,07:15:00,7,CALLE,"ISABEL LA CATOLICA y SALVADORES, CNEL.",ESQUINA,4,MOTO-CARGAS,MOTO,CARGAS,2018,2,17
2018-0019,1,2018-02-17,Saturday,12:30:00,12,AVENIDA,LAS HERAS GENERAL AV. y CALLAO AV.,ESQUINA,2,PEATON-PASAJEROS,PEATON,PASAJEROS,2018,2,17
2018-0020,1,2018-02-19,Monday,22:00:00,22,AUTOPISTA,"FERNANDEZ DE LA CRUZ F., GRAL. AV. y AUTOPISTA PRESIDENTE HECTOR J. CAMPORA",AUTOPISTA,8,MOTO-CARGAS,MOTO,CARGAS,2018,2,19
2018-0021,1,2018-02-22,Thursday,10:45:00,10,AVENIDA,"ALCORTA, AMANCIO AV. y ZAVALETA",ESQUINA,4,PEATON-PASAJEROS,PEATON,PASAJEROS,2018,2,22
2018-0022,1,2018-02-24,Saturday,00:00:00,0,AVENIDA,"MONTES DE OCA, MANUEL AV. y OLAVARRIA",ESQUINA,4,MOTO-CARGAS,MOTO,CARGAS,2018,2,24
2018-0023,1,2018-02-24,Saturday,06:00:00,6,CALLE,BARCO CENTENERA DEL y ROSARIO,ESQUINA,6,MOTO-AUTO,MOTO,AUTO,2018,2,24
2018-0024,1,2018-02-28,Wednesday,23:00:00,23,AVENIDA,ALVAREZ THOMAS AV. y DONADO,ESQUINA,15,PEATON-CARGAS,PEATON,CARGAS,2018,2,28
2018-0025,1,2018-03-04,Sunday,22:30:00,22,AVENIDA,AVELLANEDA AV. y BOYACA AV.,ESQUINA,7,PEATON-AUTO,PEATON,AUTO,2018,3,4
2018-0026,2,2018-03-09,Friday,04:45:00,4,AVENIDA,"RABANAL, FRANCISCO, INTENDENTE AV. y SAENZ AV.",ESQUINA,4,MOVIL-CARGAS,MOVIL,CARGAS,2018,3,9
2018-0027,1,2018-03-11,Sunday,23:00:00,23,CALLE,CASTRO y RONDEAU,ESQUINA,5,PEATON-MOTO,PEATON,MOTO,2018,3,11
2018-0028,1,2018-03-13,Tuesday,15:45:00,15,AVENIDA,"BILBAO, FRANCISCO AV. y AZUL",ESQUINA,9,PEATON-CARGAS,PEATON,CARGAS,2018,3,13
2018-0029,1,2018-03-15,Thursday,18:00:00,18,AVENIDA,NAZCA AV. y GAONA AV.,ESQUINA,11,MOTO-AUTO,MOTO,AUTO,2018,3,15
2018-0030,1,2018-03-20,Tuesday,01:30:00,1,AVENIDA,PLAZA y ALVAREZ THOMAS AV.,ESQUINA,15,MOTO-MOTO,MOTO,MOTO,2018,3,20
2018-0031,1,2018-03-28,Wednesday,10:15:00,10,AVENIDA,"GAONA AV. y ARTIGAS, JOSE GERVASIO, GRAL.",ESQUINA,11,MOTO-CARGAS,MOTO,CARGAS,2018,3,28
2018-0032,1,2018-04-02,Monday,13:00:00,13,AVENIDA,CABILDO AV. y AGUILAR,ESQUINA,13,PEATON-PASAJEROS,PEATON,PASAJEROS,2018,4,2
2018-0033,1,2018-04-07,Saturday,07:30:00,7,AVENIDA,CAMARONES y LOPE DE VEGA AV.,ESQUINA,10,MOTO-CARGAS,MOTO,CARGAS,2018,4,7
2018-0034,1,2018-04-11,Wednesday,18:15:00,18,AVENIDA,SANTA FE AV. 2320,CUADRA,2,PEATON-PASAJEROS,PEATON,PASAJEROS,2018,4,11
2018-0035,1,2018-04-12,Thursday,16:45:00,16,AVENIDA,RIVADAVIA AV. 6950,CUADRA,7,PEATON-PASAJEROS,PEATON,PASAJEROS,2018,4,12
2018-0036,1,2018-04-13,Friday,23:15:00,23,AVENIDA,SAN MARTIN AV. y ARGERICH,ESQUINA,15,MOTO-AUTO,MOTO,AUTO,2018,4,13
2018-0037,1,2018-04-18,Wednesday,18:45:00,18,AVENIDA,"CORDOBA AV. y URIBURU JOSE E., PRES.",ESQUINA,2,PEATON-CARGAS,PEATON,CARGAS,2018,4,18
2018-0038,2,2018-04-20,Friday,17:10:00,17,AVENIDA,RIVADAVIA AV. 1571,CUADRA,1,PEATON-AUTO,PEATON,AUTO,2018,4,20
2018-0039,1,2018-04-21,Saturday,22:15:00,22,AUTOPISTA,AUTOPISTA LUGONES KM 4.7,AUTOPISTA,14,PEATON-AUTO,PEATON,AUTO,2018,4,21
2018-0040,1,2018-04-27,Friday,11:00:00,11,CALLE,"FREIRE, RAMON, CAP. GRAL. y OLAGUER Y FELIU, VIRREY",ESQUINA,13,PEATON-CARGAS,PEATON,CARGAS,2018,4,27
2018-0041,1,2018-04-27,Friday,13:30:00,13,AVENIDA,"LA PLATA AV. y FERNANDEZ DE LA CRUZ, F., GRAL. AV.",ESQUINA,4,PEATON-PASAJEROS,PEATON,PASAJEROS,2018,4,27
2018-0042,1,2018-04-27,Friday,18:43:00,18,CALLE,BRANDSEN y PERDRIEL,ESQUINA,4,MOTO-CARGAS,MOTO,CARGAS,2018,4,27
2018-0043,1,2018-04-28,Saturday,06:30:00,6,AVENIDA,"VILARDEBO, TEODORO y ALVAREZ JONTE AV.",ESQUINA,11,MOTO-AUTO,MOTO,AUTO,2018,4,28
2018-0044,1,2018-04-28,Saturday,09:00:00,9,AVENIDA,ALBERTI e INDEPENDENCIA AV.,ESQUINA,3,PEATON-AUTO,PEATON,AUTO,2018,4,28
2018-0045,1,2018-04-30,Monday,07:00:00,7,AVENIDA,ALVAREZ THOMAS AV. 879,CUADRA,13,AUTO-CARGAS,AUTO,CARGAS,2018,4,30
2018-0046,1,2018-05-02,Wednesday,03:15:00,3,GRAL PAZ,"PAZ, GRAL. AV. y RIVADAVIA AV.",AUTOPISTA,9,PEATON-AUTO,PEATON,AUTO,2018,5,2
2018-0047,1,2018-05-08,Tuesday,19:00:00,19,AVENIDA,CORRIENTES AV. y DORREGO AV.,ESQUINA,15,PEATON-PASAJEROS,PEATON,PASAJEROS,2018,5,8
2018-0048,1,2018-05-09,Wednesday,10:30:00,10,AVENIDA,RIVADAVIA AV. y PEDERNERA,ESQUINA,7,PEATON-PASAJEROS,PEATON,PASAJEROS,2018,5,9
2018-0049,1,2018-05-11,Friday,19:15:00,19,CALLE,QUESADA 2300,CUADRA,13,PEATON-AUTO,PEATON,AUTO,2018,5,11
2018-0050,1,2018-05-14,Monday,18:45:00,18,AVENIDA,CABILDO AV. y JURAMENTO AV.,ESQUINA,13,PEATON-PASAJEROS,PEATON,PASAJEROS,2018,5,14
2018-0051,1,2018-05-15,Tuesday,21:15:00,21,CALLE,"CALIFORNIA y CARBONARI, FRANCISCO, CMTE.",ESQUINA,4,PEATON-AUTO,PEATON,AUTO,2018,5,15
2018-0052,1,2018-05-18,Friday,20:30:00,20,AVENIDA,"CARRIL, SALVADOR MARIA DEL AV. y NAZCA",ESQUINA,15,PEATON-PASAJEROS,PEATON,PASAJEROS,2018,5,18
2018-0053,1,2018-05-20,Sunday,02:30:00,2,CALLE,SAN LUIS y AGUERO,ESQUINA,3,MOTO-AUTO,MOTO,AUTO,2018,5,20
2018-0054,1,2018-05-22,Tuesday,11:15:00,11,CALLE,LUGONES 2430,CUADRA,12,PEATON-BICICLETA,PEATON,BICICLETA,2018,5,22
2018-0055,1,2018-05-29,Tuesday,07:30:00,7,AVENIDA,INDEPENDENCIA AV. y JUJUY AV.,ESQUINA,3,MOTO-AUTO,MOTO,AUTO,2018,5,29
2018-0056,1,2018-06-02,Saturday,13:00:00,13,AVENIDA,RIVADAVIA AV. 11050,CUADRA,9,PEATON-PASAJEROS,PEATON,PASAJEROS,2018,6,2
2018-0057,1,2018-06-03,Sunday,03:30:00,3,CALLE,COMBATE DE LOS POZOS y HUMBERTO 1Â°,ESQUINA,3,MOTO-PASAJEROS,MOTO,PASAJEROS,2018,6,3
2018-0058,1,2018-06-03,Sunday,06:30:00,6,AVENIDA,CORDOBA AV. y THAMES,ESQUINA,15,MOTO-AUTO,MOTO,AUTO,2018,6,3
2018-0059,1,2018-06-08,Friday,06:20:00,6,AVENIDA,"GARAY, JUAN DE AV. y SANCHEZ DE LORIA",ESQUINA,5,MOTO-MOVIL,MOTO,OTRO,2018,6,8
2018-0060,1,2018-06-08,Friday,12:50:00,12,AVENIDA,"LAVALLE y ALEM, LEANDRO N. AV.",ESQUINA,1,PEATON-PASAJEROS,PEATON,PASAJEROS,2018,6,8
2018-0061,1,2018-06-10,Sunday,11:15:00,11,CALLE,ESTADOS UNIDOS y PICHINCHA,ESQUINA,3,MOTO-MOTO,MOTO,MOTO,2018,6,10
2018-0062,1,2018-06-14,Thursday,01:00:00,1,CALLE,ROSARIO y BARCO CENTENERA DEL,ESQUINA,6,PEATON-CARGAS,PEATON,CARGAS,2018,6,14
2018-0063,1,2018-06-16,Saturday,21:15:00,21,AVENIDA,"ALEM, LEANDRO N. AV. y VIAMONTE",ESQUINA,1,PEATON-PASAJEROS,PEATON,PASAJEROS,2018,6,16
2018-0064,1,2018-06-25,Monday,01:15:00,1,AVENIDA,VARELA AV. y PRIMERA JUNTA,ESQUINA,7,AUTO-CARGAS,AUTO,CARGAS,2018,6,25
2018-0065,1,2018-06-26,Tuesday,17:30:00,17,CALLE,"PELLEGRINI, CARLOS y JUNCAL",ESQUINA,1,MOTO-CARGAS,MOTO,CARGAS,2018,6,26
2018-0066,1,2018-06-28,Thursday,11:00:00,11,AVENIDA,"CORRIENTES AV. y LACROZE, FEDERICO AV.",ESQUINA,15,PEATON-PASAJEROS,PEATON,PASAJEROS,2018,6,28
2018-0067,1,2018-06-29,Friday,16:15:00,16,AVENIDA,"MONTES DE OCA, MANUEL AV. y FINOCHIETTO ENRIQUE DR.",ESQUINA,4,PASAJEROS-AUTO,PASAJEROS,AUTO,2018,6,29
2018-0068,1,2018-07-01,Sunday,09:00:00,9,AVENIDA,"CARABOBO AV. y ALBERDI, JUAN BAUTISTA AV.",ESQUINA,7,MOTO-AUTO,MOTO,AUTO,2018,7,1
2018-0069,1,2018-07-04,Wednesday,21:45:00,21,AVENIDA,CORDOBA AV. 2215,CUADRA,2,BICICLETA-PASAJEROS,BICICLETA,PASAJEROS,2018,7,4
2018-0070,1,2018-07-07,Saturday,15:45:00,15,CALLE,"ESTADOS UNIDOS y URQUIZA, GRAL.",ESQUINA,3,MOTO-PASAJEROS,MOTO,PASAJEROS,2018,7,7
2018-0071,1,2018-07-10,Tuesday,17:50:00,17,AVENIDA,"MORENO y HUERGO, ING. AV.",ESQUINA,1,MOTO-CARGAS,MOTO,CARGAS,2018,7,10
2018-0072,1,2018-07-11,Wednesday,13:15:00,13,AUTOPISTA,AUTOPISTA DELLEPIANE LUIS TTE. GRAL. y MONTIEL,AUTOPISTA,8,MOTO-CARGAS,MOTO,CARGAS,2018,7,11
2018-0073,1,2018-07-11,Wednesday,15:45:00,15,AVENIDA,"IRIARTE, GRAL. AV. 3400",CUADRA,4,PEATON-CARGAS,PEATON,CARGAS,2018,7,11
2018-0074,1,2018-07-14,Saturday,06:04:00,6,AVENIDA,"ALBERDI, JUAN BAUTISTA AV. 2968",CUADRA,7,AUTO-CARGAS,AUTO,CARGAS,2018,7,14
2018-0075,1,2018-07-15,Sunday,07:30:00,7,AVENIDA,DEL LIBERTADOR AV. y ORTIZ DE OCAMPO,ESQUINA,14,PEATON-AUTO,PEATON,AUTO,2018,7,15
2018-0076,1,2018-07-16,Monday,09:30:00,9,CALLE,"CHAVEZ, JORGE y PAZ, GRAL. AV.",ESQUINA,9,AUTO-CARGAS,AUTO,CARGAS,2018,7,16
2018-0077,1,2018-07-16,Monday,23:15:00,23,CALLE,"URQUIZA, GRAL. y ESTADOS UNIDOS",ESQUINA,3,AUTO-CARGAS,AUTO,CARGAS,2018,7,16
2018-0078,1,2018-07-21,Saturday,06:15:00,6,CALLE,PARAGUAY y SANCHEZ DE BUSTAMANTE,ESQUINA,2,PEATON-AUTO,PEATON,AUTO,2018,7,21
2018-0079,1,2018-07-23,Monday,07:15:00,7,GRAL PAZ,"DE LOS CORRALES AV. y PAZ, GRAL. AV.",AUTOPISTA,9,PEATON-CARGAS,PEATON,CARGAS,2018,7,23
2018-0080,1,2018-07-25,Wednesday,22:22:00,22,AVENIDA,"ALBERDI, JUAN BAUTISTA AV. y CARHUE",ESQUINA,9,PEATON-AUTO,PEATON,AUTO,2018,7,25
2018-0081,1,2018-07-29,Sunday,06:30:00,6,AVENIDA,CASTAÃ‘ARES AV. y RIVERA INDARTE AV.,ESQUINA,7,MULTIPLE,PEATON,MULTIPLE,2018,7,29
2018-0082,1,2018-08-01,Wednesday,15:53:00,15,AVENIDA,"LARRAZABAL y GARZON, EUGENIO, GRAL. AV.",ESQUINA,9,MOTO-CARGAS,MOTO,CARGAS,2018,8,1
2018-0083,1,2018-08-02,Thursday,05:20:00,5,GRAL PAZ,"PAZ, GRAL. AV. y FERNANDEZ DE LA CRUZ, F., GRAL. AV.",AUTOPISTA,8,MOTO-CARGAS,MOTO,CARGAS,2018,8,2
2018-0084,1,2018-08-03,Friday,07:25:00,7,AVENIDA,"MOREAU DE JUSTO, ALICIA AV. y COCHABAMBA",ESQUINA,1,PEATON-CARGAS,PEATON,CARGAS,2018,8,3
2018-0085,2,2018-08-03,Friday,18:16:00,18,AVENIDA,"ENTRE RIOS AV. y GARAY, JUAN DE AV.",ESQUINA,3,MOTO-PASAJEROS,MOTO,PASAJEROS,2018,8,3
2018-0086,1,2018-08-10,Friday,21:44:00,21,AVENIDA,DIRECTORIO AV. y GUARDIA NACIONAL,ESQUINA,9,PEATON-PASAJEROS,PEATON,PASAJEROS,2018,8,10
2018-0087,1,2018-08-15,Wednesday,19:20:00,19,AVENIDA,PAVON AV. y COLOMBRES,ESQUINA,5,PEATON-PASAJEROS,PEATON,PASAJEROS,2018,8,15
2018-0088,1,2018-08-17,Friday,16:36:00,16,GRAL PAZ,"PAZ, GRAL. AV. y BALBIN, RICARDO, DR. AV.",AUTOPISTA,12,MOTO-CARGAS,MOTO,CARGAS,2018,8,17
2018-0089,1,2018-08-17,Friday,17:56:00,17,AVENIDA,PICHINCHA AV. y BRASIL,ESQUINA,4,PEATON-PASAJEROS,PEATON,PASAJEROS,2018,8,17
2018-0090,1,2018-08-18,Saturday,10:34:00,10,AVENIDA,27 DE FEBRERO AV. y PERGAMINO,ESQUINA,8,MOTO-AUTO,MOTO,AUTO,2018,8,18
2018-0091,1,2018-08-19,Sunday,18:47:00,18,AUTOPISTA,AUTOPISTA PERITO MORENO y BARRAGAN,AUTOPISTA,9,AUTO-AUTO,AUTO,AUTO,2018,8,19
2018-0092,1,2018-08-20,Monday,08:20:00,8,AVENIDA,CORDOBA AV. y GASCON,ESQUINA,14,MOTO-AUTO,MOTO,AUTO,2018,8,20
2018-0093,1,2018-08-20,Monday,08:41:00,8,CALLE,15 DE NOVIEMBRE DE 1889 1513,CUADRA,1,PEATON-PASAJEROS,PEATON,PASAJEROS,2018,8,20
2018-0094,1,2018-08-23,Thursday,05:35:00,5,CALLE,"SALGUERO, JERONIMO y BERUTI",ESQUINA,14,MOTO-PASAJEROS,MOTO,PASAJEROS,2018,8,23
2018-0095,1,2018-08-26,Sunday,00:59:00,0,AVENIDA,"LACARRA AV. y DELLEPIANE, LUIS, TTE. GRAL.",ESQUINA,9,AUTO-AUTO,AUTO,AUTO,2018,8,26
2018-0096,1,2018-08-31,Friday,22:20:00,22,AUTOPISTA,"AUTOPISTA PRESIDENTE HÃ‰CTOR J. CÃMPORA y ROCA, CNEL. AV.",AUTOPISTA,8,PEATON-AUTO,PEATON,AUTO,2018,8,31
2018-0097,1,2018-09-02,Sunday,10:50:00,10,AVENIDA,"VARELA AV. y RABANAL, FRANCISCO, INTENDENTE AV.",ESQUINA,8,AUTO-MOVIL,AUTO,OTRO,2018,9,2
2018-0098,2,2018-09-09,Sunday,05:00:00,5,GRAL PAZ,"PAZ, GRAL. AV. y BERON DE ASTRADA",AUTOPISTA,8,AUTO-AUTO,AUTO,AUTO,2018,9,9
2018-0099,1,2018-09-12,Wednesday,14:25:00,14,AVENIDA,RIVADAVIA AV. y PEDERNERA,ESQUINA,7,PEATON-PASAJEROS,PEATON,PASAJEROS,2018,9,12
2018-0100,1,2018-09-20,Thursday,10:30:00,10,AVENIDA,"RAWSON DE DELLEPIANE, ELVIRA AV. 150",CUADRA,1,MOTO-AUTO,MOTO,AUTO,2018,9,20
2018-0101,1,2018-09-21,Friday,00:15:00,0,GRAL PAZ,"PAZ, GRAL. AV. y ZAPIOLA",AUTOPISTA,12,MULTIPLE,AUTO,MULTIPLE,2018,9,21
2018-0102,1,2018-09-21,Friday,00:30:00,0,CALLE,"FAMATINA y TABORDA, DIOGENES",ESQUINA,4,MOTO-AUTO,MOTO,AUTO,2018,9,21
2018-0103,1,2018-09-27,Thursday,17:51:00,17,AVENIDA,"CASTAÃ‘ARES AV. y BONORINO, ESTEBAN, CNEL. AV.",ESQUINA,7,PEATON-MOTO,PEATON,MOTO,2018,9,27
2018-0104,1,2018-10-01,Monday,08:58:00,8,AUTOPISTA,AUTOPISTA 1 SUR PRESIDENTE ARTURO FRONDIZI y SUAREZ AV.,AUTOPISTA,4,MOTO-MOTO,MOTO,MOTO,2018,10,1
2018-0105,1,2018-10-03,Wednesday,18:12:00,18,AVENIDA,NAZCA AV. y RIVADAVIA AV.,ESQUINA,7,PEATON-PASAJEROS,PEATON,PASAJEROS,2018,10,3
2018-0106,1,2018-10-04,Thursday,22:02:00,22,AVENIDA,"FIGUEROA ALCORTA, PRES. AV. y ECHEVERRIA",ESQUINA,13,MOTO-MOTO,MOTO,MOTO,2018,10,4
2018-0107,1,2018-10-06,Saturday,14:20:00,14,AVENIDA,RIVADAVIA AV. y JUJUY AV.,ESQUINA,3,PEATON-PASAJEROS,PEATON,PASAJEROS,2018,10,6
2018-0108,1,2018-10-09,Tuesday,14:00:00,14,AVENIDA,"DE LOS ITALIANOS AV. y GUEMES, MACACHA",ESQUINA,1,MOTO-AUTO,MOTO,AUTO,2018,10,9
2018-0109,1,2018-10-10,Wednesday,22:12:00,22,AVENIDA,"TUCUMAN y ALEM, LEANDRO N. AV.",ESQUINA,1,PEATON-PASAJEROS,PEATON,PASAJEROS,2018,10,10
2018-0110,1,2018-10-13,Saturday,03:05:00,3,AVENIDA,"CORRIENTES AV. y GALLARDO, ANGEL AV.",ESQUINA,15,PEATON-MOTO,PEATON,MOTO,2018,10,13
2018-0111,1,2018-10-19,Friday,12:13:00,12,AUTOPISTA,"AUTOPISTA PERITO MORENO & PERON, EVA  AV.",AUTOPISTA,9,MOTO-CARGAS,MOTO,CARGAS,2018,10,19
2018-0112,1,2018-10-24,Wednesday,09:18:00,9,CALLE,MUÃ‘ECAS y SERRANO,ESQUINA,15,MOTO-CARGAS,MOTO,CARGAS,2018,10,24
2018-0113,1,2018-10-25,Thursday,11:00:00,11,CALLE,"ARTIGAS, JOSE GERVASIO, GRAL. y TRES ARROYOS",ESQUINA,11,MOTO-CARGAS,MOTO,CARGAS,2018,10,25
2018-0114,1,2018-10-30,Tuesday,02:15:00,2,AVENIDA,SOLIS e INDEPENDENCIA AV.,ESQUINA,1,MOTO-AUTO,MOTO,AUTO,2018,10,30
2018-0115,1,2018-10-31,Wednesday,12:30:00,12,CALLE,"BOSCH, VENTURA y PAZ, GRAL. AV.",ESQUINA,9,PEATON-PASAJEROS,PEATON,PASAJEROS,2018,10,31
2018-0116,1,2018-11-01,Thursday,10:50:00,10,GRAL PAZ,"PAZ, GRAL. AV. 14800",AUTOPISTA,8,PEATON-CARGAS,PEATON,CARGAS,2018,11,1
2018-0117,1,2018-11-04,Sunday,08:15:00,8,AVENIDA,"PERON, EVA AV. 5321",CUADRA,9,MOTO-MOTO,MOTO,MOTO,2018,11,4
2018-0118,1,2018-11-05,Monday,14:49:00,14,AVENIDA,"PERON, JUAN DOMINGO, TTE. GENERAL y PUEYRREDON AV.",ESQUINA,3,PEATON-MOTO,PEATON,MOTO,2018,11,5
2018-0119,1,2018-11-05,Monday,22:35:00,22,AVENIDA,"RABANAL, FRANCISCO, INTENDENTE AV. y SAN PEDRITO",ESQUINA,8,PEATON-SD,PEATON,,2018,11,5
2018-0120,1,2018-11-09,Friday,13:34:00,13,AVENIDA,MONROE y ALVAREZ THOMAS AV.,ESQUINA,12,PEATON-AUTO,PEATON,AUTO,2018,11,9
2018-0121,1,2018-11-09,Friday,16:32:00,16,AVENIDA,RIVADAVIA AV. y MANZONI,ESQUINA,10,PEATON-PASAJEROS,PEATON,PASAJEROS,2018,11,9
2018-0122,1,2018-11-12,Monday,01:00:00,1,AUTOPISTA,AUTOPISTA DELLEPIANE LUIS TTE. GRAL. y LARRAZABAL,AUTOPISTA,8,AUTO-AUTO,AUTO,AUTO,2018,11,12
2018-0123,1,2018-11-12,Monday,03:32:00,3,GRAL PAZ,"PAZ, GRAL. AV. y PERON, EVA AV.",AUTOPISTA,9,AUTO-SD,AUTO,,2018,11,12
2018-0124,1,2018-11-15,Thursday,19:40:00,19,AUTOPISTA,AUTOPISTA PERITO MORENO y RESERVISTAS ARGENTINOS,AUTOPISTA,9,CARGAS-CARGAS,CARGAS,CARGAS,2018,11,15
2018-0125,1,2018-11-16,Friday,21:12:00,21,AVENIDA,SAENZ AV. y VENTANA,ESQUINA,4,PEATON-PASAJEROS,PEATON,PASAJEROS,2018,11,16
2018-0126,1,2018-11-18,Sunday,12:11:00,12,GRAL PAZ,"PAZ, GRAL. AV. y FALCON, RAMON L.,CNEL.",AUTOPISTA,9,MOTO-AUTO,MOTO,AUTO,2018,11,18
2018-0127,1,2018-11-19,Monday,09:14:00,9,GRAL PAZ,"PAZ, GRAL. AV. y DE LOS CONSTITUYENTES AV.",AUTOPISTA,12,MOTO-MOTO,MOTO,MOTO,2018,11,19
2018-0128,2,2018-11-25,Sunday,04:30:00,4,GRAL PAZ,"PAZ, GRAL. AV. 11200",AUTOPISTA,9,AUTO-PASAJEROS,AUTO,PASAJEROS,2018,11,25
2018-0129,1,2018-11-28,Wednesday,04:01:00,4,AVENIDA,"NEWBERY, JORGE AV. y GUEVARA",ESQUINA,15,MOTO-PASAJEROS,MOTO,PASAJEROS,2018,11,28
2018-0130,1,2018-12-03,Monday,03:00:00,3,AVENIDA,GAONA AV. y SEGUROLA AV.,ESQUINA,10,MOTO-PASAJEROS,MOTO,PASAJEROS,2018,12,3
2018-0131,1,2018-12-07,Friday,19:10:00,19,AVENIDA,"MADERO, EDUARDO AV. 550",CUADRA,1,MOTO-CARGAS,MOTO,CARGAS,2018,12,7
2018-0132,1,2018-12-12,Wednesday,08:26:00,8,AUTOPISTA,"AUTOPISTA ARTURO ILLIA y CASTILLO, RAMON S., PRES. AV.",AUTOPISTA,2,PEATON-CARGAS,PEATON,CARGAS,2018,12,12
2018-0133,1,2018-12-12,Wednesday,14:07:00,14,AVENIDA,NAZCA AV. y RIVADAVIA AV.,ESQUINA,7,PEATON-CARGAS,PEATON,CARGAS,2018,12,12
2018-0134,1,2018-12-12,Wednesday,21:00:00,21,AVENIDA,LA PLATA AV. y CASEROS AV.,ESQUINA,7,PEATON-MOTO,PEATON,MOTO,2018,12,12
2018-0135,1,2018-12-18,Tuesday,14:40:00,14,AVENIDA,BELGRANO AV. y PERU,ESQUINA,1,PEATON-PASAJEROS,PEATON,PASAJEROS,2018,12,18
2018-0136,1,2018-12-18,Tuesday,15:42:00,15,AVENIDA,RIVADAVIA AV. 7013,CUADRA,7,PEATON-PASAJEROS,PEATON,PASAJEROS,2018,12,18
2018-0137,1,2018-12-18,Tuesday,20:15:00,20,CALLE,"ALSINA, ADOLFO y SANTIAGO DEL ESTERO",ESQUINA,1,MOTO-PASAJEROS,MOTO,PASAJEROS,2018,12,18
2018-0138,1,2018-12-21,Friday,09:30:00,9,CALLE,BERMUDEZ 1893,CUADRA,10,PASAJEROS-PASAJEROS,PASAJEROS,PASAJEROS,2018,12,21
2018-0139,1,2018-12-22,Saturday,06:30:00,6,CALLE,SANTANDER 1974,CUADRA,7,MOTO-MOTO,MOTO,MOTO,2018,12,22
2018-0140,1,2018-12-22,Saturday,08:05:00,8,CALLE,LANTERI JULIETA 1400,CUADRA,1,AUTO-AUTO,AUTO,AUTO,2018,12,22
2018-0141,1,2018-12-22,Saturday,17:40:00,17,AVENIDA,MAZA e INDEPENDENCIA AV.,ESQUINA,5,PEATON-MOTO,PEATON,MOTO,2018,12,22
2018-0142,1,2018-12-25,Tuesday,13:30:00,13,GRAL PAZ,"PAZ, GRAL. AV. 5172",AUTOPISTA,12,CARGAS-PASAJEROS,CARGAS,PASAJEROS,2018,12,25
2018-0143,1,2018-12-29,Saturday,05:25:00,5,AVENIDA,"OLIVERA AV. y ALBERDI, JUAN BAUTISTA AV.",ESQUINA,10,MOTO-AUTO,MOTO,AUTO,2018,12,29
2019-0001,1,2019-01-08,Tuesday,08:30:00,8,AVENIDA,"CASTILLO, RAMON S., PRES. AV. y CALLE 12 (NO OFICIAL)",ESQUINA,2,MOTO-CARGAS,MOTO,CARGAS,2019,1,8
2019-0002,1,2019-01-09,Wednesday,04:00:00,4,AVENIDA,"CASTAÃ‘ARES AV. y MORENO, PERITO AV.",ESQUINA,7,AUTO-CARGAS,AUTO,CARGAS,2019,1,9
2019-0003,1,2019-01-12,Saturday,08:00:00,8,AVENIDA,SAN MARTIN AV. y TERRADA,ESQUINA,15,MOTO-AUTO,MOTO,AUTO,2019,1,12
2019-0004,1,2019-01-14,Monday,19:58:00,19,AVENIDA,"PERON, EVA AV. y MEDINA",ESQUINA,9,AUTO-PASAJEROS,AUTO,PASAJEROS,2019,1,14
2019-0005,1,2019-01-19,Saturday,12:00:00,12,AVENIDA,"JUSTO, JUAN B. AV. y ALVAREZ JONTE AV.",ESQUINA,10,MOTO-CARGAS,MOTO,CARGAS,2019,1,19
2019-0006,1,2019-01-23,Wednesday,05:45:00,5,AVENIDA,"OBLIGADO RAFAEL, AV.COSTANERA 4650",CUADRA,14,PEATON-AUTO,PEATON,AUTO,2019,1,23
2019-0007,1,2019-01-26,Saturday,19:34:00,19,CALLE,"MITRE, BARTOLOME y YATAY",ESQUINA,5,MOTO-AUTO,MOTO,AUTO,2019,1,26
2019-0008,1,2019-01-30,Wednesday,22:45:00,22,GRAL PAZ,"PAZ, GRAL. AV. 16080",AUTOPISTA,8,MULTIPLE,MOTO,MULTIPLE,2019,1,30
2019-0009,1,2019-01-31,Thursday,14:55:00,14,AVENIDA,CHACABUCO y SAN JUAN AV.,ESQUINA,1,MOTO-AUTO,MOTO,AUTO,2019,1,31
2019-0010,2,2019-02-02,Saturday,07:50:00,7,AVENIDA,DEL LIBERTADOR AV. 4100,CUADRA,14,PEATON-AUTO,PEATON,AUTO,2019,2,2
2019-0011,1,2019-02-10,Sunday,01:00:00,1,GRAL PAZ,"PAZ, GRAL. AV. y ALBERDI, JUAN BAUTISTA AV.",AUTOPISTA,9,PEATON-AUTO,PEATON,AUTO,2019,2,10
2019-0012,1,2019-02-17,Sunday,03:16:00,3,AVENIDA,"CASTAÃ‘ARES AV. y GORDILLO, TIMOTEO",ESQUINA,8,MOTO-AUTO,MOTO,AUTO,2019,2,17
2019-0013,1,2019-02-20,Wednesday,07:30:00,7,CALLE,SALVIGNY y MOM,ESQUINA,7,PEATON-AUTO,PEATON,AUTO,2019,2,20
2019-0014,1,2019-02-20,Wednesday,17:30:00,17,CALLE,"LAMARCA, EMILIO 5402",CUADRA,11,MOTO-OBJETO FIJO,MOTO,OBJETO FIJO,2019,2,20
2019-0015,1,2019-02-23,Saturday,06:57:00,6,AVENIDA,SAN MARTIN AV. 5638,CUADRA,11,AUTO-OBJETO FIJO,AUTO,OBJETO FIJO,2019,2,23
2019-0016,1,2019-02-24,Sunday,02:00:00,2,CALLE,"CARRILLO, RAMON, DR. y FINOCHIETTO ENRIQUE DR.",ESQUINA,4,MOTO-PASAJEROS,MOTO,PASAJEROS,2019,2,24
2019-0017,1,2019-03-03,Sunday,07:00:00,7,CALLE,MEXICO y PICHINCHA,ESQUINA,3,AUTO-PASAJEROS,AUTO,PASAJEROS,2019,3,3
2019-0018,1,2019-03-03,Sunday,23:30:00,23,AUTOPISTA,"CANTILO, INT. y UDAONDO, GUILLERMO AV.",AUTOPISTA,13,PEATON-AUTO,PEATON,AUTO,2019,3,3
2019-0019,1,2019-03-06,Wednesday,12:00:00,12,AVENIDA,DEL LIBERTADOR AV. 6326,CUADRA,13,MOTO-AUTO,MOTO,AUTO,2019,3,6
2019-0020,1,2019-03-07,Thursday,21:01:00,21,AVENIDA,CHICLANA AV. 3444,CUADRA,5,MOTO-AUTO,MOTO,AUTO,2019,3,7
2019-0021,1,2019-03-15,Friday,22:50:00,22,AVENIDA,BOYACA AV. y YERBAL,ESQUINA,7,MOTO-AUTO,MOTO,AUTO,2019,3,15
2019-0022,1,2019-03-15,Friday,00:00:00,0,AVENIDA,ENTRE RIOS AV. 1260,CUADRA,1,AUTO-SD,AUTO,,2019,3,15
2019-0023,1,2019-03-16,Saturday,08:28:00,8,GRAL PAZ,"PAZ, GRAL. AV. y JACQUES, AMADEO",AUTOPISTA,9,AUTO-OBJETO FIJO,AUTO,OBJETO FIJO,2019,3,16
2019-0024,1,2019-03-19,Tuesday,07:12:00,7,AVENIDA,ANTARTIDA ARGENTINA AV. 1325,CUADRA,1,MOTO-CARGAS,MOTO,CARGAS,2019,3,19
2019-0025,1,2019-03-22,Friday,13:10:00,13,CALLE,"MITRE, BARTOLOME y SANCHEZ DE BUSTAMANTE",ESQUINA,5,PEATON-AUTO,PEATON,AUTO,2019,3,22
2019-0026,1,2019-03-28,Thursday,07:32:00,7,AVENIDA,"FERNANDEZ DE LA CRUZ, F., GRAL. AV. y PAZ, GRAL. AV.",ESQUINA,8,PEATON-PASAJEROS,PEATON,PASAJEROS,2019,3,28
2019-0027,1,2019-03-28,Thursday,11:11:00,11,AVENIDA,SANTA FE AV. y AZCUENAGA,ESQUINA,2,MULTIPLE,BICICLETA,MULTIPLE,2019,3,28
2019-0028,1,2019-04-06,Saturday,09:15:00,9,AVENIDA,"JUSTO, JUAN B. AV. y OROÃ‘O, NICASIO",ESQUINA,11,PEATON-PASAJEROS,PEATON,PASAJEROS,2019,4,6
2019-0029,1,2019-04-07,Sunday,10:15:00,10,AVENIDA,"FERNANDEZ DE LA CRUZ, F., GRAL. AV. y PAZ, GRAL. AV.",ESQUINA,8,MOTO-OBJETO FIJO,MOTO,OBJETO FIJO,2019,4,7
2019-0030,1,2019-04-09,Tuesday,16:00:00,16,CALLE,"ALVAREZ, DONATO, TTE. GRAL. y YERBAL",ESQUINA,7,MOTO-CARGAS,MOTO,CARGAS,2019,4,9
2019-0031,1,2019-04-12,Friday,19:55:00,19,AVENIDA,"CORDOBA AV. y MADERO, EDUARDO AV.",ESQUINA,1,BICICLETA-CARGAS,BICICLETA,CARGAS,2019,4,12
2019-0032,1,2019-04-16,Tuesday,11:00:00,11,AVENIDA,"CAMARONES y ALVAREZ, DONATO, TTE. GRAL. AV.",ESQUINA,11,PEATON-AUTO,PEATON,AUTO,2019,4,16
2019-0033,1,2019-04-18,Thursday,01:00:00,1,AUTOPISTA,"AUTOPISTA 25 DE MAYO y HUERGO, ING. AV.",AUTOPISTA,1,MOTO-SD,MOTO,,2019,4,18
2019-0034,1,2019-04-21,Sunday,09:08:00,9,AVENIDA,"MORENO, PERITO AV. 3050",CUADRA,7,MOTO-OBJETO FIJO,MOTO,OBJETO FIJO,2019,4,21
2019-0035,1,2019-04-23,Tuesday,14:10:00,14,CALLE,SUIPACHA 665,CUADRA,1,PEATON-BICICLETA,PEATON,BICICLETA,2019,4,23
2019-0036,1,2019-04-26,Friday,22:46:00,22,CALLE,RIGLOS y FORMOSA,ESQUINA,6,MOTO-AUTO,MOTO,AUTO,2019,4,26
2019-0037,1,2019-05-01,Wednesday,23:10:00,23,AVENIDA,LA RIOJA e INDEPENDENCIA AV.,ESQUINA,3,MOTO-AUTO,MOTO,AUTO,2019,5,1
2019-0038,1,2019-05-04,Saturday,14:10:00,14,AVENIDA,"UDAONDO, GUILLERMO AV. y FIGUEROA ALCORTA, PRES. AV.",ESQUINA,13,PEATON-MOTO,PEATON,MOTO,2019,5,4
2019-0039,1,2019-05-09,Thursday,03:05:00,3,AVENIDA,SAN PEDRITO AV. y DIRECTORIO AV.,ESQUINA,7,MOTO-AUTO,MOTO,AUTO,2019,5,9
2019-0040,1,2019-05-09,Thursday,12:45:00,12,CALLE,PUAN y SANTANDER,ESQUINA,7,MOTO-SD,MOTO,,2019,5,9
2019-0041,1,2019-05-11,Saturday,20:30:00,20,AVENIDA,"ALBERDI, JUAN BAUTISTA AV. y ANDALGALA",ESQUINA,9,MULTIPLE,AUTO,MULTIPLE,2019,5,11
2019-0042,1,2019-05-14,Tuesday,15:00:00,15,CALLE,LIMA y CONSTITUCION,ESQUINA,1,PEATON-PASAJEROS,PEATON,PASAJEROS,2019,5,14
2019-0043,1,2019-05-21,Tuesday,09:00:00,9,AVENIDA,"CORDOBA AV. y MADERO, EDUARDO AV.",ESQUINA,1,BICICLETA-CARGAS,BICICLETA,CARGAS,2019,5,21
2019-0044,1,2019-05-27,Monday,12:45:00,12,AVENIDA,BOEDO AV. 650,CUADRA,5,PEATON-MOTO,PEATON,MOTO,2019,5,27
2019-0045,1,2019-06-03,Monday,07:27:00,7,AVENIDA,DEL LIBERTADOR AV. y REPUBLICA DE LA INDIA,ESQUINA,14,MOTO-CARGAS,MOTO,CARGAS,2019,6,3
2019-0046,1,2019-06-04,Tuesday,09:00:00,9,GRAL PAZ,"PAZ, GRAL. AV. y CABILDO AV.",AUTOPISTA,13,MOTO-AUTO,MOTO,AUTO,2019,6,4
2019-0047,1,2019-06-06,Thursday,10:00:00,10,AVENIDA,CASEROS AV. 1700,CUADRA,4,PEATON-CARGAS,PEATON,CARGAS,2019,6,6
2019-0048,1,2019-06-07,Friday,07:00:00,7,AVENIDA,AVELLANEDA AV. 1548,CUADRA,6,MOTO-CARGAS,MOTO,CARGAS,2019,6,7
2019-0049,1,2019-06-08,Saturday,09:20:00,9,CALLE,CIUDAD DE LA PAZ y MENDOZA,ESQUINA,13,PEATON-CARGAS,PEATON,CARGAS,2019,6,8
2019-0050,1,2019-06-08,Saturday,23:35:00,23,AVENIDA,"SALGUERO, JERONIMO y HONDURAS AV.",ESQUINA,14,MOTO-CARGAS,MOTO,CARGAS,2019,6,8
2019-0051,1,2019-06-11,Tuesday,10:00:00,10,CALLE,"FILIBERTO, JUAN DE DIOS y OLAVARRIA",ESQUINA,4,MOTO-AUTO,MOTO,AUTO,2019,6,11
2019-0053,1,2019-06-14,Friday,17:20:00,17,AVENIDA,ASTURIAS AV. y CASTAÃ‘ARES AV.,ESQUINA,8,AUTO-AUTO,AUTO,AUTO,2019,6,14
2019-0054,1,2019-06-20,Thursday,03:00:00,3,CALLE,GANDARA 2976,CUADRA,15,MOTO-OBJETO FIJO,MOTO,OBJETO FIJO,2019,6,20
2019-0055,1,2019-06-20,Thursday,19:45:00,19,AVENIDA,"GUEVARA, TRINIDAD y MADERO, EDUARDO AV.",ESQUINA,1,MOTO-PASAJEROS,MOTO,PASAJEROS,2019,6,20
2019-0056,1,2019-06-29,Saturday,17:16:00,17,AVENIDA,BOYACA AV. 305,CUADRA,7,PEATON-AUTO,PEATON,AUTO,2019,6,29
2019-0057,1,2019-07-05,Friday,19:00:00,19,CALLE,ARTILLEROS y LA PAMPA,ESQUINA,13,PEATON-AUTO,PEATON,AUTO,2019,7,5
2019-0058,1,2019-07-10,Wednesday,09:20:00,9,AUTOPISTA,AUTOPISTA PERITO MORENO e IRIGOYEN,AUTOPISTA,10,MOTO-PASAJEROS,MOTO,PASAJEROS,2019,7,10
2019-0059,1,2019-07-13,Saturday,22:35:00,22,CALLE,15 DE NOVIEMBRE DE 1889 y SANTIAGO DEL ESTERO,ESQUINA,1,MOTO-PASAJEROS,MOTO,PASAJEROS,2019,7,13
2019-0060,1,2019-07-17,Wednesday,11:20:00,11,AVENIDA,"ACOSTA, MARIANO AV. y FALCON, RAMON L.,CNEL.",ESQUINA,10,PEATON-AUTO,PEATON,AUTO,2019,7,17
2019-0061,1,2019-07-17,Wednesday,18:40:00,18,CALLE,11 DE SEPTIEMBRE DE 1888 y MENDOZA,ESQUINA,13,PEATON-PASAJEROS,PEATON,PASAJEROS,2019,7,17
2019-0062,1,2019-08-01,Thursday,23:00:00,23,AVENIDA,"PINO, VIRREY DEL y CAMPOS, LUIS M. AV.",ESQUINA,13,PEATON-PASAJEROS,PEATON,PASAJEROS,2019,8,1
2019-0063,1,2019-08-04,Sunday,01:30:00,1,AVENIDA,FOREST AV. y MAURE,ESQUINA,15,MOTO-PASAJEROS,MOTO,PASAJEROS,2019,8,4
2019-0064,1,2019-08-06,Tuesday,03:15:00,3,AVENIDA,BOYACA AV. y AVELLANEDA AV.,ESQUINA,7,MOTO-AUTO,MOTO,AUTO,2019,8,6
2019-0065,1,2019-08-08,Thursday,16:45:00,16,CALLE,BARCO CENTENERA DEL y TILCARA,ESQUINA,4,PEATON-PASAJEROS,PEATON,PASAJEROS,2019,8,8
2019-0066,1,2019-08-11,Sunday,21:15:00,21,AVENIDA,RIESTRA AV. y BOLIVAR (NO OFICIAL),ESQUINA,7,PEATON-AUTO,PEATON,AUTO,2019,8,11
2019-0067,1,2019-08-14,Wednesday,15:00:00,15,CALLE,"CASTRO, EMILIO 4706",CUADRA,10,MOTO-CARGAS,MOTO,CARGAS,2019,8,14
2019-0068,1,2019-08-14,Wednesday,17:40:00,17,AVENIDA,27 DE FEBRERO AV. 5600,CUADRA,8,MOTO-MOTO,MOTO,MOTO,2019,8,14
2019-0069,1,2019-08-17,Saturday,05:25:00,5,AVENIDA,"GARAY, JUAN DE AV. 2874",CUADRA,4,MOTO-AUTO,MOTO,AUTO,2019,8,17
2019-0070,1,2019-08-22,Thursday,12:30:00,12,AVENIDA,"SCALABRINI ORTIZ, RAUL AV. y GORRITI",ESQUINA,14,MOTO-BICICLETA,MOTO,BICICLETA,2019,8,22
2019-0071,1,2019-08-27,Tuesday,11:30:00,11,AVENIDA,PRIMERA JUNTA y OLIVERA AV.,ESQUINA,9,PEATON-CARGAS,PEATON,CARGAS,2019,8,27
2019-0072,1,2019-08-28,Wednesday,06:20:00,6,AVENIDA,"ALBERDI, JUAN BAUTISTA AV. y AZUL",ESQUINA,10,AUTO-AUTO,AUTO,AUTO,2019,8,28
2019-0073,1,2019-08-29,Thursday,01:50:00,1,AVENIDA,ALVAREZ THOMAS AV. 1788,CUADRA,15,AUTO-OBJETO FIJO,AUTO,OBJETO FIJO,2019,8,29
2019-0074,1,2019-08-29,Thursday,09:00:00,9,AUTOPISTA,"LUGONES, LEOPOLDO AV. y PAZ, GRAL. AV.",AUTOPISTA,13,MOTO-CARGAS,MOTO,CARGAS,2019,8,29
2019-0075,1,2019-08-30,Friday,23:20:00,23,CALLE,SAN ANTONIO y LUJAN,ESQUINA,4,MOTO-PASAJEROS,MOTO,PASAJEROS,2019,8,30
2019-0076,1,2019-09-05,Thursday,18:00:00,18,AUTOPISTA,AUTOPISTA 1 SUR PRESIDENTE ARTURO FRONDIZI y DON PEDRO DE MENDOZA AV.,AUTOPISTA,4,MOTO-CARGAS,MOTO,CARGAS,2019,9,5
2019-0077,1,2019-09-08,Sunday,03:40:00,3,AVENIDA,"FIGUEROA ALCORTA, PRES. AV. y TAGLE",ESQUINA,14,PEATON-AUTO,PEATON,AUTO,2019,9,8
2019-0078,1,2019-09-12,Thursday,08:25:00,8,AVENIDA,"EINSTEIN, ALBERTO y ALCORTA, AMANCIO AV.",ESQUINA,4,PEATON-CARGAS,PEATON,CARGAS,2019,9,12
2019-0079,1,2019-09-17,Tuesday,05:30:00,5,CALLE,AGRELO y COLOMBRES,ESQUINA,5,MOTO-PASAJEROS,MOTO,PASAJEROS,2019,9,17
2019-0080,1,2019-09-17,Tuesday,18:40:00,18,GRAL PAZ,"CABILDO AV. y PAZ, GRAL. AV.",AUTOPISTA,13,PEATON-MOTO,PEATON,MOTO,2019,9,17
2019-0081,1,2019-09-23,Monday,16:00:00,16,AVENIDA,ELCANO AV. 4300,CUADRA,15,PEATON-PASAJEROS,PEATON,PASAJEROS,2019,9,23
2019-0082,1,2019-09-25,Wednesday,07:45:00,7,AVENIDA,"RABANAL, FRANCISCO, INTENDENTE AV. 2428",CUADRA,8,BICICLETA-CARGAS,BICICLETA,CARGAS,2019,9,25
2019-0083,1,2019-09-26,Thursday,08:00:00,8,CALLE,MONTE y CORVALAN,ESQUINA,9,AUTO-AUTO,AUTO,AUTO,2019,9,26
2019-0084,1,2019-09-27,Friday,11:45:00,11,CALLE,TANDIL y LAFUENTE,ESQUINA,7,BICICLETA-CARGAS,BICICLETA,CARGAS,2019,9,27
2019-0085,1,2019-10-09,Wednesday,22:18:00,22,CALLE,CARDOSO y BACACAY,ESQUINA,10,BICICLETA-TREN,BICICLETA,TREN,2019,10,9
2019-0086,1,2019-10-15,Tuesday,14:10:00,14,AVENIDA,CORRIENTES AV. 6700,CUADRA,15,MOTO-PASAJEROS,MOTO,PASAJEROS,2019,10,15
2019-0087,1,2019-10-21,Monday,21:00:00,21,AVENIDA,ALVAREZ THOMAS AV. y MENDOZA,ESQUINA,12,MOTO-MOTO,MOTO,MOTO,2019,10,21
2019-0088,1,2019-10-22,Tuesday,20:00:00,20,AVENIDA,"ALCORTA, AMANCIO AV. y BONAVENA, OSCAR NATALIO",ESQUINA,4,PEATON-PASAJEROS,PEATON,PASAJEROS,2019,10,22
2019-0089,1,2019-10-23,Wednesday,15:45:00,15,AVENIDA,"BROWN, ALTE. AV. y BLANES, JUAN MANUEL",ESQUINA,4,PEATON-CARGAS,PEATON,CARGAS,2019,10,23
2019-0090,1,2019-10-24,Thursday,18:26:00,18,AVENIDA,"ALBERDI, JUAN BAUTISTA AV. 5455",CUADRA,9,PEATON-MOTO,PEATON,MOTO,2019,10,24
2019-0091,1,2019-11-01,Friday,20:50:00,20,AVENIDA,"JUSTO, JUAN B. AV. y CAMARGO",ESQUINA,15,PEATON-PASAJEROS,PEATON,PASAJEROS,2019,11,1
2019-0092,1,2019-11-03,Sunday,10:30:00,10,CALLE,"BRIN, MINISTRO y SUAREZ",ESQUINA,4,PEATON-PASAJEROS,PEATON,PASAJEROS,2019,11,3
2019-0093,1,2019-11-13,Wednesday,11:50:00,11,AVENIDA,"NIZA y JUSTO, JUAN B. AV.",ESQUINA,11,BICICLETA-OTRO,BICICLETA,OTRO,2019,11,13
2019-0094,1,2019-11-18,Monday,14:00:00,14,CALLE,CAMARGO y SERRANO,ESQUINA,15,MOTO-OTRO,MOTO,OTRO,2019,11,18
2019-0095,1,2019-11-20,Wednesday,15:30:00,15,AUTOPISTA,AUTOPISTA 1 SUR PRESIDENTE ARTURO FRONDIZI y CASEROS AV.,AUTOPISTA,1,MOTO-CARGAS,MOTO,CARGAS,2019,11,20
2019-0096,1,2019-11-22,Friday,19:33:00,19,AVENIDA,CASEROS AV. y PIEDRAS,ESQUINA,1,PEATON-PASAJEROS,PEATON,PASAJEROS,2019,11,22
2019-0097,1,2019-11-25,Monday,08:50:00,8,AUTOPISTA,AUTOPISTA PERITO MORENO KM. 5.6,AUTOPISTA,9,MULTIPLE,MOTO,MULTIPLE,2019,11,25
2019-0098,1,2019-11-25,Monday,14:00:00,14,AVENIDA,GUZMAN 365,CUADRA,15,PASAJEROS-PASAJEROS,PASAJEROS,PASAJEROS,2019,11,25
2019-0100,1,2019-12-05,Thursday,17:30:00,17,AVENIDA,DE LOS CONSTITUYENTES AV. 4300,CUADRA,12,MOTO-AUTO,MOTO,AUTO,2019,12,5
2019-0101,1,2019-12-17,Tuesday,04:20:00,4,AVENIDA,"MORENO, PERITO AV. y TILCARA AV.",ESQUINA,4,MOTO-MOTO,MOTO,MOTO,2019,12,17
2019-0102,1,2019-12-17,Tuesday,14:30:00,14,CALLE,"IBARROLA y GORDILLO, TIMOTEO",ESQUINA,9,MOTO-AUTO,MOTO,AUTO,2019,12,17
2019-0103,1,2019-12-18,Wednesday,,,GRAL PAZ,"PAZ, GRAL. AV. y GRIVEO",AUTOPISTA,11,MOTO-MOTO,MOTO,MOTO,2019,12,18
2019-0104,1,2019-12-21,Saturday,04:25:00,4,AVENIDA,RIVADAVIA AV. y PERGAMINO,ESQUINA,10,MOTO-AUTO,MOTO,AUTO,2019,12,21
2019-0105,1,2019-05-05,Sunday,11:00:00,11,AVENIDA,SANTO TOME y SEGUROLA AV.,ESQUINA,10,PEATON-AUTO,PEATON,AUTO,2019,5,5
2020-0001,1,2020-01-04,Saturday,10:40:00,10,CALLE,URIARTE y LOYOLA,ESQUINA,15,PEATON-AUTO,PEATON,AUTO,2020,1,4
2020-0002,1,2020-01-05,Sunday,20:00:00,20,AVENIDA,SARAZA y VARELA AV.,ESQUINA,7,MOTO-OBJETO FIJO,MOTO,OBJETO FIJO,2020,1,5
2020-0003,1,2020-01-11,Saturday,06:00:00,6,AVENIDA,RIVADAVIA AV. y COMBATE DE LOS POZOS,ESQUINA,3,PEATON-AUTO,PEATON,AUTO,2020,1,11
2020-0004,1,2020-01-14,Tuesday,21:40:00,21,AVENIDA,RODRIGUEZ PEÃ‘A y RIVADAVIA AV.,ESQUINA,1,PEATON-PASAJEROS,PEATON,PASAJEROS,2020,1,14
2020-0005,1,2020-01-14,Tuesday,06:00:00,6,AVENIDA,24 DE NOVIEMBRE y SAN JUAN AV.,ESQUINA,3,MOTO-PASAJEROS,MOTO,PASAJEROS,2020,1,14
2020-0006,1,2020-01-20,Monday,12:55:00,12,AVENIDA,LAFUENTE AV. 2250,CUADRA,8,MOTO-CARGAS,MOTO,CARGAS,2020,1,20
2020-0007,1,2020-01-27,Monday,00:37:00,0,CALLE,CHILE y LIMA,ESQUINA,1,PEATON-MOTO,PEATON,MOTO,2020,1,27
2020-0008,1,2020-01-30,Thursday,07:10:00,7,AVENIDA,"CORDOBA AV. y JAURES, JEAN",ESQUINA,2,MOTO-CARGAS,MOTO,CARGAS,2020,1,30
2020-0009,1,2020-02-04,Tuesday,14:50:00,14,CALLE,"PERON, JUAN DOMINGO, TTE. GENERAL y SALGUERO, JERONIMO",ESQUINA,5,PEATON-AUTO,PEATON,AUTO,2020,2,4
2020-0010,1,2020-02-08,Saturday,05:45:00,5,AVENIDA,9 DE JULIO AV. y SAN JUAN AV.,ESQUINA,1,MOTO-OBJETO FIJO,MOTO,OBJETO FIJO,2020,2,8
2020-0011,1,2020-02-12,Wednesday,11:29:00,11,CALLE,COLOMBRES 466,CUADRA,5,MOTO-CARGAS,MOTO,CARGAS,2020,2,12
2020-0012,1,2020-02-18,Tuesday,21:00:00,21,CALLE,MEXICO 2860,CUADRA,3,PEATON-MOTO,PEATON,MOTO,2020,2,18
2020-0013,1,2020-02-20,Thursday,12:00:00,12,AVENIDA,COMBATIENTES DE MALVINAS AV. y TRIUNVIRATO AV.,ESQUINA,15,PEATON-MOTO,PEATON,MOTO,2020,2,20
2020-0014,1,2020-02-27,Thursday,02:14:00,2,CALLE,BERMUDEZ y NOGOYA,ESQUINA,11,MOTO-PASAJEROS,MOTO,PASAJEROS,2020,2,27
2020-0015,1,2020-02-28,Friday,14:30:00,14,AVENIDA,BRASIL AV. y PASEO COLON AV.,ESQUINA,1,MOTO-PASAJEROS,MOTO,PASAJEROS,2020,2,28
2020-0016,1,2020-02-29,Saturday,13:00:00,13,AVENIDA,"ALEM, LEANDRO N. AV. 770",CUADRA,1,PEATON-PASAJEROS,PEATON,PASAJEROS,2020,2,29
2020-0017,1,2020-03-05,Thursday,23:00:00,23,AVENIDA,BELGRANO AV. y RINCON,ESQUINA,3,PEATON-AUTO,PEATON,AUTO,2020,3,5
2020-0018,1,2020-03-09,Monday,14:00:00,14,AVENIDA,"UDAONDO, GUILLERMO AV. 901",CUADRA,13,MOTO-OBJETO FIJO,MOTO,OBJETO FIJO,2020,3,9
2020-0019,1,2020-03-10,Tuesday,21:00:00,21,CALLE,CONSTITUCION y CASTRO,ESQUINA,5,PEATON-AUTO,PEATON,AUTO,2020,3,10
2020-0020,1,2020-03-13,Friday,17:30:00,17,AVENIDA,"PUEYRREDON AV. y GOMEZ, VALENTIN",ESQUINA,3,PEATON-MOTO,PEATON,MOTO,2020,3,13
2020-0021,1,2020-03-14,Saturday,16:50:00,16,CALLE,"BRAVO, MARIO 1279",CUADRA,2,PEATON-AUTO,PEATON,AUTO,2020,3,14
2020-0022,1,2020-04-07,Tuesday,06:15:00,6,AUTOPISTA,AUTOPISTA DELLEPIANE LUIS TTE. GRAL. y ESCALADA AV.,AUTOPISTA,9,AUTO-CARGAS,AUTO,CARGAS,2020,4,7
2020-0023,1,2020-04-09,Thursday,18:42:00,18,AVENIDA,"ARAOZ DE LAMADRID, GREGORIO, GRAL. y BROWN, ALTE. AV.",ESQUINA,4,AUTO-CARGAS,AUTO,CARGAS,2020,4,9
2020-0024,1,2020-04-24,Friday,07:58:00,7,CALLE,MURGUIONDO 1339,CUADRA,9,AUTO-AUTO,AUTO,AUTO,2020,4,24
2020-0025,1,2020-05-12,Tuesday,05:35:00,5,AVENIDA,RIVADAVIA AV. 2551,CUADRA,3,PEATON-AUTO,PEATON,AUTO,2020,5,12
2020-0026,1,2020-05-17,Sunday,06:40:00,6,AUTOPISTA,"LUGONES, LEOPOLDO AV. KM 6,1",AUTOPISTA,14,MOTO-OBJETO FIJO,MOTO,OBJETO FIJO,2020,5,17
2020-0027,1,2020-05-18,Monday,08:00:00,8,AVENIDA,"DELLEPIANE, LUIS, TTE. GRAL. y MONTIEL",ESQUINA,8,PEATON-CARGAS,PEATON,CARGAS,2020,5,18
2020-0028,1,2020-05-19,Tuesday,10:00:00,10,AVENIDA,"SCALABRINI ORTIZ, RAUL AV. y WARNES AV.",ESQUINA,15,PEATON-PASAJEROS,PEATON,PASAJEROS,2020,5,19
2020-0029,1,2020-06-10,Wednesday,14:00:00,14,GRAL PAZ,"PAZ, GRAL. AV. y ROFFO, ANGEL H., DR.",AUTOPISTA,9,PEATON-PASAJEROS,PEATON,PASAJEROS,2020,6,10
2020-0030,1,2020-06-16,Tuesday,15:00:00,15,AVENIDA,SAN MARTIN AV. 1550,CUADRA,6,MULTIPLE,MOTO,MULTIPLE,2020,6,16
2020-0031,1,2020-06-30,Tuesday,08:00:00,8,AVENIDA,"GARZON, EUGENIO, GRAL. AV. y LARRAYA",ESQUINA,9,MOTO-CARGAS,MOTO,CARGAS,2020,6,30
2020-0032,1,2020-07-10,Friday,23:00:00,23,AVENIDA,CORRIENTES AV. y SERRANO,ESQUINA,15,MOTO-AUTO,MOTO,AUTO,2020,7,10
2020-0033,1,2020-07-19,Sunday,06:25:00,6,GRAL PAZ,"PAZ, GRAL. AV. y DEL LIBERTADOR AV.",AUTOPISTA,13,AUTO-OBJETO FIJO,AUTO,OBJETO FIJO,2020,7,19
2020-0034,1,2020-08-02,Sunday,03:20:00,3,CALLE,"MITRE, BARTOLOME y ANCHORENA, TOMAS MANUEL DE, DR.",ESQUINA,3,PEATON-AUTO,PEATON,AUTO,2020,8,2
2020-0035,1,2020-08-04,Tuesday,05:30:00,5,AUTOPISTA,AUTOPISTA 25 DE MAYO y PUMACAHUA,AUTOPISTA,7,MOTO-PASAJEROS,MOTO,PASAJEROS,2020,8,4
2020-0036,1,2020-08-07,Friday,18:40:00,18,AVENIDA,"SCALABRINI ORTIZ, RAUL AV. y PARAGUAY",ESQUINA,14,PEATON-MOTO,PEATON,MOTO,2020,8,7
2020-0037,1,2020-08-29,Saturday,04:30:00,4,AVENIDA,"FERNANDEZ DE LA CRUZ, F., GRAL. AV. y VARELA AV.",ESQUINA,8,PEATON-AUTO,PEATON,AUTO,2020,8,29
2020-0038,2,2020-08-30,Sunday,04:00:00,4,AVENIDA,"LAS HERAS GENERAL AV. y DIAZ, CNEL. AV.",ESQUINA,14,AUTO-AUTO,AUTO,AUTO,2020,8,30
2020-0039,1,2020-09-01,Tuesday,19:17:42,19,CALLE,MURGUIONDO,,9,PEATON-CARGAS,PEATON,CARGAS,2020,9,1
2020-0040,1,2020-09-12,Saturday,03:30:00,3,AVENIDA,"CASTILLO, RAMON S., PRES. AV. y CALLE 12 (NO OFICIAL)",ESQUINA,2,AUTO-OBJETO FIJO,AUTO,OBJETO FIJO,2020,9,12
2020-0041,1,2020-09-28,Monday,01:45:00,1,AVENIDA,"CURAPALIGUE y PERON, EVA AV.",ESQUINA,7,MOTO-PASAJEROS,MOTO,PASAJEROS,2020,9,28
2020-0042,1,2020-09-29,Tuesday,17:10:00,17,AVENIDA,"DIAZ, ANA y SOLDADO DE LA FRONTERA AV.",ESQUINA,8,PEATON-PASAJEROS,PEATON,PASAJEROS,2020,9,29
2020-0043,1,2020-09-30,Wednesday,17:20:00,17,AVENIDA,"ALEM, LEANDRO N. AV. y PARAGUAY",ESQUINA,1,PEATON-PASAJEROS,PEATON,PASAJEROS,2020,9,30
2020-0044,1,2020-10-05,Monday,00:20:00,0,AVENIDA,LA PLATA AV. e INDEPENDENCIA AV.,ESQUINA,6,AUTO-AUTO,AUTO,AUTO,2020,10,5
2020-0045,1,2020-10-19,Monday,03:00:00,3,GRAL PAZ,"PAZ, GRAL. AV. y 27 DE FEBRERO AV.",AUTOPISTA,8,AUTO-CARGAS,AUTO,CARGAS,2020,10,19
2020-0046,1,2020-10-27,Tuesday,21:00:00,21,AVENIDA,"NAZCA AV. y CARRANZA, ADOLFO P.",ESQUINA,11,MOTO-MOTO,MOTO,MOTO,2020,10,27
2020-0047,1,2020-10-27,Tuesday,14:00:00,14,AUTOPISTA,AUTOPISTA PRESIDENTE HÃ‰CTOR J. CÃMPORA y LACARRA AV.,AUTOPISTA,9,PEATON-CARGAS,PEATON,CARGAS,2020,10,27
2020-0048,1,2020-10-29,Thursday,20:20:00,20,AVENIDA,DORREGO AV. 614,CUADRA,15,MOTO-OBJETO FIJO,MOTO,OBJETO FIJO,2020,10,29
2020-0049,1,2020-10-30,Friday,20:00:00,20,AVENIDA,"DEL LIBERTADOR AV. y RAMOS MEJIA, JOSE MARIA, DR. AV.",ESQUINA,1,PEATON-AUTO,PEATON,AUTO,2020,10,30
2020-0050,1,2020-11-01,Sunday,22:00:00,22,AVENIDA,SANTA FE AV. y GODOY CRUZ,ESQUINA,14,PEATON-MOTO,PEATON,MOTO,2020,11,1
2020-0051,1,2020-11-05,Thursday,00:40:00,0,AVENIDA,AVELLANEDA AV. y MERCEDES,ESQUINA,10,MOTO-AUTO,MOTO,AUTO,2020,11,5
2020-0052,1,2020-11-07,Saturday,06:50:00,6,AVENIDA,TUCUMAN y PUEYRREDON AV.,ESQUINA,3,BICICLETA-CARGAS,BICICLETA,CARGAS,2020,11,7
2020-0053,1,2020-11-09,Monday,03:30:00,3,AVENIDA,"ALCORTA, AMANCIO AV. y EINSTEIN, ALBERTO",ESQUINA,4,AUTO-AUTO,AUTO,AUTO,2020,11,9
2020-0054,1,2020-11-19,Thursday,09:00:00,9,CALLE,INCLAN y ALBERTI,ESQUINA,4,BICICLETA-AUTO,BICICLETA,AUTO,2020,11,19
2020-0055,1,2020-11-19,Thursday,12:30:00,12,AVENIDA,OLAZABAL AV. 5437,CUADRA,12,PEATON-CARGAS,PEATON,CARGAS,2020,11,19
2020-0056,1,2020-11-21,Saturday,13:00:00,13,GRAL PAZ,"PAZ, GRAL. AV. y ROCA, CNEL. AV.",AUTOPISTA,8,MOTO-CARGAS,MOTO,CARGAS,2020,11,21
2020-0057,1,2020-11-23,Monday,07:45:00,7,AVENIDA,"NAZCA AV. y VIALE, LUIS",ESQUINA,11,PEATON-AUTO,PEATON,AUTO,2020,11,23
2020-0058,1,2020-11-24,Tuesday,16:00:00,16,AVENIDA,"OLIVERA AV. y FALCON, RAMON L.,CNEL.",ESQUINA,10,PEATON-AUTO,PEATON,AUTO,2020,11,24
2020-0059,1,2020-12-01,Tuesday,06:35:00,6,CALLE,BRASIL 1100,CUADRA,1,PEATON-PASAJEROS,PEATON,PASAJEROS,2020,12,1
2020-0060,1,2020-12-03,Thursday,20:30:00,20,AVENIDA,"HOMERO y PERON, EVA AV.",ESQUINA,9,PEATON-MOTO,PEATON,MOTO,2020,12,3
2020-0061,1,2020-12-03,Thursday,14:40:00,14,AUTOPISTA,"CANTILO, INT. y UDAONDO, GUILLERMO AV.",AUTOPISTA,13,MOTO-CARGAS,MOTO,CARGAS,2020,12,3
2020-0062,1,2020-12-04,Friday,17:19:00,17,CALLE,MORENO 1845,CUADRA,3,BICICLETA-PASAJEROS,BICICLETA,PASAJEROS,2020,12,4
2020-0063,2,2020-12-05,Saturday,07:10:00,7,CALLE,NUEVA YORK y ALTA GRACIA,ESQUINA,11,PEATON_MOTO-MOTO,PEATON_MOTO,MOTO,2020,12,5
2020-0065,1,2020-12-05,Saturday,16:00:00,16,GRAL PAZ,"PAZ, GRAL. AV. y GOYENECHE, ROBERTO PARQUE AV.",AUTOPISTA,12,MOTO-AUTO,MOTO,AUTO,2020,12,5
2020-0066,1,2020-12-07,Monday,04:30:00,4,AUTOPISTA,AUTOPISTA PERITO MORENO (ALTURA ESTACION DE TREN VILLA LURO),AUTOPISTA,10,MOTO-OBJETO FIJO,MOTO,OBJETO FIJO,2020,12,7
2020-0067,1,2020-12-11,Friday,22:00:00,22,AVENIDA,SAENZ AV. y BEAZLEY,ESQUINA,4,PEATON-PASAJEROS,PEATON,PASAJEROS,2020,12,11
2020-0068,1,2020-12-12,Saturday,20:30:00,20,AVENIDA,DEL LIBERTADOR AV. y AUSTRIA,ESQUINA,2,MOTO-AUTO,MOTO,AUTO,2020,12,12
2020-0069,1,2020-12-15,Tuesday,05:20:00,5,AVENIDA,"INDEPENDENCIA AV. y SAENZ PEÃ‘A, LUIS, PRES.",ESQUINA,1,MOTO-PASAJEROS,MOTO,PASAJEROS,2020,12,15
2020-0070,1,2020-12-17,Thursday,15:35:00,15,AVENIDA,"CALLAO AV. y LAS HERAS, GENERAL",ESQUINA,2,PEATON-PASAJEROS,PEATON,PASAJEROS,2020,12,17
2020-0071,1,2020-12-17,Thursday,23:00:00,23,AVENIDA,SAN PEDRITO AV. y DIRECTORIO AV.,ESQUINA,7,PEATON-AUTO,PEATON,AUTO,2020,12,17
2020-0072,1,2020-12-19,Saturday,03:30:00,3,AVENIDA,"JUJUY AV. y CALVO, CARLOS",ESQUINA,3,BICICLETA-AUTO,BICICLETA,AUTO,2020,12,19
2020-0073,1,2020-12-20,Sunday,07:40:00,7,AVENIDA,27 DE FEBRERO AV. y ESCALADA AV.,ESQUINA,8,MOTO-OBJETO FIJO,MOTO,OBJETO FIJO,2020,12,20
2020-0074,1,2020-12-20,Sunday,21:00:00,21,AVENIDA,BOGOTA y NAZCA AV.,ESQUINA,7,AUTO-AUTO,AUTO,AUTO,2020,12,20
2020-0075,1,2020-12-23,Wednesday,14:00:00,14,AVENIDA,CORRIENTES AV. y 9 DE JULIO AV.,ESQUINA,1,PEATON-PASAJEROS,PEATON,PASAJEROS,2020,12,23
2020-0076,1,2020-12-24,Thursday,12:30:00,12,AVENIDA,ALVAREZ JONTE AV. y CHIVILCOY,ESQUINA,10,AUTO-PASAJEROS,AUTO,PASAJEROS,2020,12,24
2020-0077,2,2020-12-25,Friday,06:40:00,6,AVENIDA,SAN MARTIN AV. y PUNTA ARENAS,ESQUINA,15,MOTO-AUTO,MOTO,AUTO,2020,12,25
2020-0078,1,2020-12-25,Friday,05:50:00,5,CALLE,BARCO CENTENERA DEL 1118,CUADRA,7,BICICLETA-PASAJEROS,BICICLETA,PASAJEROS,2020,12,25
2020-0079,1,2020-12-27,Sunday,04:15:00,4,GRAL PAZ,"PAZ, GRAL. AV. y GOYENECHE, ROBERTO PARQUE AV.",AUTOPISTA,12,MOTO-OBJETO FIJO,MOTO,OBJETO FIJO,2020,12,27
2021-0001,1,2021-01-06,Wednesday,18:00:00,18,AUTOPISTA,AU FRONDIZI KM. 3,AUTOPISTA,1,MOTO-AUTO,MOTO,AUTO,2021,1,6
2021-0002,1,2021-01-07,Thursday,10:20:00,10,AVENIDA,"CASTRO, EMILIO AV. y MURGUIONDO",ESQUINA,9,MOTO-CARGAS,MOTO,CARGAS,2021,1,7
2021-0003,1,2021-01-10,Sunday,07:40:00,7,AUTOPISTA,AUTOPISTA 25 DE MAYO KM. 3.7,AUTOPISTA,7,MOTO-OBJETO FIJO,MOTO,OBJETO FIJO,2021,1,10
2021-0004,1,2021-01-11,Monday,09:12:18,9,AVENIDA,CASEROS AV. y GUARANI,ESQUINA,5,PEATON-CARGAS,PEATON,CARGAS,2021,1,11
2021-0005,1,2021-01-11,Monday,21:30:00,21,AVENIDA,"PERON, EVA AV. 3800",CUADRA,9,PEATON-AUTO,PEATON,AUTO,2021,1,11
2021-0006,1,2021-01-12,Tuesday,21:00:00,21,AUTOPISTA,AUTOPISTA ARTURO ILLIA y SARMIENTO AV.,AUTOPISTA,14,MOTO-CARGAS,MOTO,CARGAS,2021,1,12
2021-0007,1,2021-01-18,Monday,10:00:00,10,AVENIDA,DE LOS CONSTITUYENTES AV. y GIRIBONE,ESQUINA,15,MOTO-MOTO,MOTO,MOTO,2021,1,18
2021-0008,1,2021-01-22,Friday,23:30:00,23,AVENIDA,"SAENZ AV. y RABANAL, FRANCISCO, INTENDENTE AV.",ESQUINA,4,PEATON-PASAJEROS,PEATON,PASAJEROS,2021,1,22
2021-0009,1,2021-01-23,Saturday,05:30:00,5,AVENIDA,PAYSANDU y GAONA AV.,ESQUINA,6,MOTO-OBJETO FIJO,MOTO,OBJETO FIJO,2021,1,23
2021-0010,1,2021-01-23,Saturday,08:00:00,8,GRAL PAZ,"PAZ, GRAL. AV. y BALBIN, RICARDO, DR. AV.",AUTOPISTA,12,MOTO-AUTO,MOTO,AUTO,2021,1,23
2021-0011,1,2021-01-27,Wednesday,01:04:26,1,AVENIDA,SANTA FE AV. 1675,CUADRA,2,PEATON-AUTO,PEATON,AUTO,2021,1,27
2021-0012,1,2021-01-29,Friday,20:07:22,20,AUTOPISTA,"DELLEPIANE, LUIS, TTE. GRAL. y GUAMINI",AUTOPISTA,8,PEATON-AUTO,PEATON,AUTO,2021,1,29
2021-0013,1,2021-01-31,Sunday,06:10:00,6,AVENIDA,"FALCON, RAMON L.,CNEL. y OLIVERA AV.",ESQUINA,10,MOTO-OBJETO FIJO,MOTO,OBJETO FIJO,2021,1,31
2021-0014,1,2021-02-02,Tuesday,00:50:00,0,AVENIDA,SAN MARTIN AV. y NOGOYA,ESQUINA,15,PEATON-AUTO,PEATON,AUTO,2021,2,2
2021-0015,1,2021-02-06,Saturday,03:05:00,3,AVENIDA,SAN MARTIN AV. y TINOGASTA,ESQUINA,15,MOTO-OBJETO FIJO,MOTO,OBJETO FIJO,2021,2,6
2021-0016,1,2021-02-14,Sunday,05:50:00,5,AVENIDA,"FERNANDEZ DE LA CRUZ, F., GRAL. AV. y DE LA TORRE, LISANDRO",ESQUINA,8,AUTO-OBJETO FIJO,AUTO,OBJETO FIJO,2021,2,14
2021-0017,1,2021-02-17,Wednesday,04:10:00,4,AVENIDA,SALTA y CASEROS AV.,ESQUINA,1,MOTO-PASAJEROS,MOTO,PASAJEROS,2021,2,17
2021-0018,1,2021-02-20,Saturday,19:00:00,19,CALLE,"JAURES, JEAN y PERON, JUAN DOMINGO, TTE. GENERAL",ESQUINA,3,PEATON-AUTO,PEATON,AUTO,2021,2,20
2021-0019,1,2021-02-21,Sunday,01:20:00,1,AVENIDA,"TRIUNVIRATO AV. y LARRALDE, CRISOLOGO AV.",ESQUINA,12,MOTO-OBJETO FIJO,MOTO,OBJETO FIJO,2021,2,21
2021-0020,1,2021-02-21,Sunday,15:00:00,15,CALLE,POTOSI y GASCON,ESQUINA,5,PEATON-CARGAS,PEATON,CARGAS,2021,2,21
2021-0021,1,2021-02-26,Friday,05:30:00,5,CALLE,"YRIGOYEN, HIPOLITO y 24 DE NOVIEMBRE",ESQUINA,3,MOTO-OBJETO FIJO,MOTO,OBJETO FIJO,2021,2,26
2021-0022,1,2021-02-28,Sunday,12:00:00,12,AVENIDA,DEL LIBERTADOR AV. y ROOSEVELT FRANKLIN D.,ESQUINA,13,PASAJEROS-SD,PASAJEROS,,2021,2,28
2021-0023,1,2021-03-01,Monday,09:20:00,9,AUTOPISTA,"AU BUENOS AIRES LA PLATA  KM 4,5",AUTOPISTA,4,MOTO-CARGAS,MOTO,CARGAS,2021,3,1
2021-0024,1,2021-03-03,Wednesday,16:30:00,16,AVENIDA,"PERON, EVA AV. y PIEDRA BUENA AV.",ESQUINA,9,BICICLETA-CARGAS,BICICLETA,CARGAS,2021,3,3
2021-0025,1,2021-03-11,Thursday,03:45:00,3,GRAL PAZ,"PAZ, GRAL. AV. y AUTOPISTA DELLEPIANE LUIS TTE. GRAL.",AUTOPISTA,8,MOTO-OTRO,MOTO,OTRO,2021,3,11
2021-0026,1,2021-03-15,Monday,02:35:00,2,AUTOPISTA,"AUTOPISTA 1 SUR PRESIDENTE ARTURO FRONDIZI y QUINQUELA MARTIN, BENITO",AUTOPISTA,4,MOTO-OBJETO FIJO,MOTO,OBJETO FIJO,2021,3,15
2021-0027,1,2021-03-16,Tuesday,15:30:00,15,GRAL PAZ,"PAZ, GRAL. AV. y DONADO",AUTOPISTA,12,MOTO-CARGAS,MOTO,CARGAS,2021,3,16
2021-0028,1,2021-03-29,Monday,17:20:00,17,AVENIDA,"COREA AV. y TORRES Y TENORIO, PRES.",ESQUINA,7,PEATON-PASAJEROS,PEATON,PASAJEROS,2021,3,29
2021-0029,1,2021-03-31,Wednesday,18:05:00,18,AVENIDA,"FALCON, RAMON L.,CNEL. y SAN PEDRITO AV.",ESQUINA,7,AUTO-AUTO,AUTO,AUTO,2021,3,31
2021-0030,1,2021-04-03,Saturday,18:30:00,18,CALLE,FINOCHIETTO ENRIQUE DR. 1623,CUADRA,4,PEATON-PASAJEROS,PEATON,PASAJEROS,2021,4,3
2021-0031,1,2021-04-07,Wednesday,10:29:00,10,AVENIDA,9 DE JULIO AV. e INDEPENDENCIA AV.,ESQUINA,1,PEATON-CARGAS,PEATON,CARGAS,2021,4,7
2021-0032,1,2021-04-10,Saturday,19:55:00,19,AUTOPISTA,"CANTILO, INT. y GUIRALDES, INT.",AUTOPISTA,13,PEATON-MOTO,PEATON,MOTO,2021,4,10
2021-0033,1,2021-04-14,Wednesday,17:50:00,17,AUTOPISTA,AUTOPISTA 25 DE MAYO y BOEDO AV.,AUTOPISTA,5,AUTO-OBJETO FIJO,AUTO,OBJETO FIJO,2021,4,14
2021-0034,1,2021-04-19,Monday,14:40:00,14,AVENIDA,"ALCORTA, AMANCIO AV. y ZAVALETA",ESQUINA,4,MOTO-CARGAS,MOTO,CARGAS,2021,4,19
2021-0035,1,2021-05-03,Monday,09:20:00,9,AVENIDA,"JANER, ANA MARIA y LAFUENTE AV.",ESQUINA,8,MOTO-CARGAS,MOTO,CARGAS,2021,5,3
2021-0036,1,2021-05-09,Sunday,06:00:00,6,GRAL PAZ,"PAZ, GRAL. AV. y MOSCONI GENERAL AV.",AUTOPISTA,11,MOTO-OBJETO FIJO,MOTO,OBJETO FIJO,2021,5,9
2021-0037,1,2021-05-11,Tuesday,07:10:00,7,AVENIDA,"MONROE y BALBIN, RICARDO, DR. AV.",ESQUINA,13,PEATON-PASAJEROS,PEATON,PASAJEROS,2021,5,11
2021-0038,1,2021-05-14,Friday,11:40:00,11,AVENIDA,"JUSTO, JUAN B. AV. y SANTA FE AV.",ESQUINA,14,MOTO-CARGAS,MOTO,CARGAS,2021,5,14
2021-0039,1,2021-05-15,Saturday,12:09:00,12,AVENIDA,"OLIDEN y ALBERDI, JUAN BAUTISTA AV.",ESQUINA,9,BICICLETA-AUTO,BICICLETA,AUTO,2021,5,15
2021-0040,1,2021-05-20,Thursday,05:50:00,5,GRAL PAZ,"PAZ, GRAL. AV. y DEL LIBERTADOR AV.",AUTOPISTA,13,MOTO-AUTO,MOTO,AUTO,2021,5,20
2021-0041,1,2021-05-20,Thursday,08:30:00,8,AVENIDA,DEL LIBERTADOR AV. y CASARES AV.,ESQUINA,14,PEATON-PASAJEROS,PEATON,PASAJEROS,2021,5,20
2021-0042,1,2021-05-21,Friday,05:00:00,5,AVENIDA,RIVADAVIA AV. 10900,CUADRA,9,PEATON-PASAJEROS,PEATON,PASAJEROS,2021,5,21
2021-0043,1,2021-05-22,Saturday,18:26:00,18,AVENIDA,"ALBERDI, JUAN BAUTISTA AV. y PILAR",ESQUINA,9,PEATON-AUTO,PEATON,AUTO,2021,5,22
2021-0044,1,2021-05-25,Tuesday,02:00:00,2,AVENIDA,"PERON, EVA AV. y ACOSTA, MARIANO",ESQUINA,9,MOTO-OBJETO FIJO,MOTO,OBJETO FIJO,2021,5,25
2021-0045,1,2021-05-26,Wednesday,17:24:00,17,AUTOPISTA,AUTOPISTA 1 SUR PRESIDENTE ARTURO FRONDIZI y SUAREZ AV.,AUTOPISTA,4,MULTIPLE,MOTO,MULTIPLE,2021,5,26
2021-0046,1,2021-05-31,Monday,02:00:00,2,AVENIDA,ELCANO AV. y GUZMAN AV.,ESQUINA,15,AUTO-OBJETO FIJO,AUTO,OBJETO FIJO,2021,5,31
2021-0047,1,2021-06-02,Wednesday,16:00:00,16,AVENIDA,"VEDIA, AGUSTIN DE y RABANAL, FRANCISCO, INTENDENTE AV.",ESQUINA,4,MOTO-AUTO,MOTO,AUTO,2021,6,2
2021-0048,1,2021-06-03,Thursday,09:58:00,9,AVENIDA,CAPDEVILA y CONGRESO AV.,ESQUINA,12,BICICLETA-AUTO,BICICLETA,AUTO,2021,6,3
2021-0049,1,2021-06-03,Thursday,20:30:00,20,AVENIDA,"FERNANDEZ DE LA CRUZ, F., GRAL. AV. 4000",CUADRA,8,AUTO-AUTO,AUTO,AUTO,2021,6,3
2021-0050,1,2021-06-10,Thursday,13:30:00,13,AVENIDA,DEL LIBERTADOR AV. 5958,CUADRA,13,MOTO-PASAJEROS,MOTO,PASAJEROS,2021,6,10
2021-0051,1,2021-06-15,Tuesday,19:20:00,19,AVENIDA,27 DE FEBRERO AV. y EREZCANO AV.,ESQUINA,4,PEATON-CARGAS,PEATON,CARGAS,2021,6,15
2021-0052,1,2021-06-20,Sunday,05:40:00,5,GRAL PAZ,"PAZ, GRAL. AV. 14723",AUTOPISTA,8,MOTO-OBJETO FIJO,MOTO,OBJETO FIJO,2021,6,20
2021-0053,1,2021-06-20,Sunday,12:00:00,12,AVENIDA,CORRIENTES AV. 5783,CUADRA,15,PEATON-BICICLETA,PEATON,BICICLETA,2021,6,20
2021-0054,1,2021-06-22,Tuesday,14:44:00,14,CALLE,TABARE y EREZCANO,ESQUINA,4,MOTO-CARGAS,MOTO,CARGAS,2021,6,22
2021-0055,1,2021-06-29,Tuesday,12:20:00,12,AVENIDA,CORRIENTES AV. y PUEYRREDON AV.,ESQUINA,3,MOTO-CARGAS,MOTO,CARGAS,2021,6,29
2021-0056,1,2021-07-09,Friday,23:25:00,23,AVENIDA,"CORRALES y MORENO, PERITO AV.",ESQUINA,4,BICICLETA-AUTO,BICICLETA,AUTO,2021,7,9
2021-0057,1,2021-07-10,Saturday,23:30:00,23,AUTOPISTA,AUTOPISTA  ARTURO ILLIA (CABINA DE PEAJE),AUTOPISTA,2,AUTO-OBJETO FIJO,AUTO,OBJETO FIJO,2021,7,10
2021-0058,1,2021-07-21,Wednesday,00:40:00,0,GRAL PAZ,"PAZ, GRAL. AV. y VEDIA",AUTOPISTA,12,PEATON-AUTO,PEATON,AUTO,2021,7,21
2021-0059,1,2021-07-22,Thursday,01:20:00,1,AVENIDA,"GARAY, JUAN DE AV. 2269",CUADRA,3,AUTO-OBJETO FIJO,AUTO,OBJETO FIJO,2021,7,22
2021-0060,1,2021-07-22,Thursday,12:30:00,12,AVENIDA,"SALGUERO, JERONIMO y RIVADAVIA AV.",ESQUINA,5,PEATON-PASAJEROS,PEATON,PASAJEROS,2021,7,22
2021-0061,1,2021-07-24,Saturday,09:15:00,9,AVENIDA,"MORENO, PERITO AV. y ALCORTA, AMANCIO AV.",ESQUINA,4,PEATON-CARGAS,PEATON,CARGAS,2021,7,24
2021-0062,1,2021-07-27,Tuesday,07:16:00,7,AVENIDA,LA PLATA AV. 2723,CUADRA,4,AUTO-CARGAS,AUTO,CARGAS,2021,7,27
2021-0063,1,2021-08-02,Monday,04:40:00,4,AVENIDA,"ALBERDI, JUAN BAUTISTA AV. 2906",CUADRA,7,AUTO-AUTO,AUTO,AUTO,2021,8,2
2021-0064,1,2021-08-02,Monday,20:00:00,20,GRAL PAZ,"PAZ, GRAL. AV. y TONELERO",AUTOPISTA,9,PEATON-CARGAS,PEATON,CARGAS,2021,8,2
2021-0065,1,2021-08-06,Friday,08:30:00,8,AVENIDA,SAN JUAN AV. y LA PLATA AV.,ESQUINA,6,PEATON-PASAJEROS,PEATON,PASAJEROS,2021,8,6
2021-0066,1,2021-08-06,Friday,20:00:00,20,AVENIDA,"LOPE DE VEGA AV. y PAZ, GRAL. AV.",ESQUINA,11,PEATON-PASAJEROS,PEATON,PASAJEROS,2021,8,6
2021-0067,1,2021-08-08,Sunday,09:29:00,9,AUTOPISTA,AUTOPISTA 1 SUR PRESIDENTE ARTURO FRONDIZI y BRASIL,AUTOPISTA,1,MOTO-OBJETO FIJO,MOTO,OBJETO FIJO,2021,8,8
2021-0068,1,2021-08-15,Sunday,06:10:00,6,AVENIDA,"BEIRO, FRANCISCO AV. 5071",CUADRA,11,MOTO-OBJETO FIJO,MOTO,OBJETO FIJO,2021,8,15
2021-0069,1,2021-08-20,Friday,17:15:00,17,AVENIDA,SANTA FE AV. 3428,CUADRA,14,PEATON-AUTO,PEATON,AUTO,2021,8,20
2021-0070,1,2021-08-28,Saturday,08:30:00,8,AVENIDA,"CHILAVERT, MARTINIANO, CORONEL y VARELA AV.",ESQUINA,8,MOTO-CARGAS,MOTO,CARGAS,2021,8,28
2021-0071,1,2021-08-31,Tuesday,16:00:00,16,CALLE,SAN LUIS 2730,CUADRA,3,PEATON-MOTO,PEATON,MOTO,2021,8,31
2021-0072,1,2021-09-01,Wednesday,19:10:00,19,AVENIDA,CALLAO AV. y PARAGUAY,ESQUINA,2,PEATON-AUTO,PEATON,AUTO,2021,9,1
2021-0073,1,2021-09-18,Saturday,12:20:00,12,AVENIDA,"DEL LIBERTADOR AV. y AGOTE, LUIS DR.",ESQUINA,2,BICICLETA-AUTO,BICICLETA,AUTO,2021,9,18
2021-0074,1,2021-09-20,Monday,15:00:00,15,GRAL PAZ,"PAZ, GRAL. AV. y BALBIN, RICARDO, DR. AV.",AUTOPISTA,12,MULTIPLE,MOTO,MULTIPLE,2021,9,20
2021-0075,1,2021-09-21,Tuesday,14:30:00,14,CALLE,SALTA y BRASIL,ESQUINA,1,PEATON-CARGAS,PEATON,CARGAS,2021,9,21
2021-0076,1,2021-10-16,Saturday,06:15:00,6,AVENIDA,"MORENO, PERITO AV. 2152",CUADRA,7,MOTO-OBJETO FIJO,MOTO,OBJETO FIJO,2021,10,16
2021-0077,1,2021-10-18,Monday,07:20:00,7,AVENIDA,DIRECTORIO AV. 1169,CUADRA,6,MOTO-CARGAS,MOTO,CARGAS,2021,10,18
2021-0078,1,2021-10-23,Saturday,06:35:00,6,AVENIDA,INDEPENDENCIA AV. y LA PLATA AV.,ESQUINA,6,MOTO-PASAJEROS,MOTO,PASAJEROS,2021,10,23
2021-0079,1,2021-10-25,Monday,03:30:00,3,CALLE,TUCUMAN 3112,CUADRA,3,PEATON-AUTO,PEATON,AUTO,2021,10,25
2021-0080,1,2021-10-28,Thursday,16:16:00,16,AVENIDA,ARENALES y 9 DE JULIO AV.,ESQUINA,1,MOTO-AUTO,MOTO,AUTO,2021,10,28
2021-0081,1,2021-11-02,Tuesday,13:35:00,13,AUTOPISTA,AUTOPISTA 1 SUR PRESIDENTE ARTURO FRONDIZI y BRANDSEN,AUTOPISTA,4,MOTO-CARGAS,MOTO,CARGAS,2021,11,2
2021-0082,1,2021-11-06,Saturday,04:39:00,4,AUTOPISTA,AUTOPISTA 25 DE MAYO y PASCO,AUTOPISTA,3,MOTO-AUTO,MOTO,AUTO,2021,11,6
2021-0083,1,2021-11-09,Tuesday,00:35:00,0,AVENIDA,CABILDO AV. y OLAZABAL,ESQUINA,13,MOTO-AUTO,MOTO,AUTO,2021,11,9
2021-0084,1,2021-11-11,Thursday,03:00:00,3,AVENIDA,TAPALQUE y BRUIX AV.,ESQUINA,9,AUTO-OBJETO FIJO,AUTO,OBJETO FIJO,2021,11,11
2021-0085,1,2021-11-20,Saturday,18:30:00,18,GRAL PAZ,"PAZ, GRAL. AV. y EZEIZA",AUTOPISTA,12,MOTO-OBJETO FIJO,MOTO,OBJETO FIJO,2021,11,20
2021-0086,1,2021-11-25,Thursday,10:10:00,10,AVENIDA,RIVADAVIA AV. y PUAN,ESQUINA,6,PEATON-PASAJEROS,PEATON,PASAJEROS,2021,11,25
2021-0087,1,2021-11-27,Saturday,11:22:00,11,CALLE,ESMERALDA 1359,CUADRA,1,PEATON-BICICLETA,PEATON,BICICLETA,2021,11,27
2021-0088,1,2021-12-01,Wednesday,15:40:00,15,CALLE,MONROE y 3 DE FEBRERO,ESQUINA,13,MOTO-AUTO,MOTO,AUTO,2021,12,1
2021-0089,1,2021-12-02,Thursday,01:10:00,1,AVENIDA,GAONA AV. 3655,CUADRA,11,MOTO-AUTO,MOTO,AUTO,2021,12,2
2021-0090,1,2021-12-10,Friday,11:45:00,11,AVENIDA,9 DE JULIO AV. y LAVALLE,ESQUINA,1,PEATON-PASAJEROS,PEATON,PASAJEROS,2021,12,10
2021-0091,1,2021-12-11,Saturday,23:00:00,23,CALLE,"BAIGORRIA y HUGO, VICTOR",ESQUINA,10,MOTO-AUTO,MOTO,AUTO,2021,12,11
2021-0092,1,2021-12-12,Sunday,06:20:00,6,AVENIDA,RIVADAVIA AV. y PUEYRREDON AV.,ESQUINA,3,PEATON-AUTO,PEATON,AUTO,2021,12,12
2021-0093,1,2021-12-13,Monday,17:10:00,17,AVENIDA,RIESTRA AV. y MOM,ESQUINA,7,MOTO-AUTO,MOTO,AUTO,2021,12,13
2021-0094,1,2021-12-20,Monday,01:10:00,1,AUTOPISTA,"DELLEPIANE, LUIS, TTE. GRAL. y LACARRA AV.",AUTOPISTA,9,MOTO-AUTO,MOTO,AUTO,2021,12,20
2021-0095,1,2021-12-30,Thursday,00:43:00,0,AVENIDA,GAONA AV. y TERRADA,ESQUINA,11,MOTO-CARGAS,MOTO,CARGAS,2021,12,30
2021-0096,1,2021-12-15,Wednesday,10:30:00,10,AVENIDA,"PERON, EVA AV. 4071",CUADRA,9,AUTO-CARGAS,AUTO,CARGAS,2021,12,15
2021-0097,1,2021-11-18,Thursday,06:10:00,6,CALLE,PADRE CARLOS MUGICA 709,CUADRA,1,BICICLETA-AUTO,BICICLETA,AUTO,2021,11,18
